,orf 10000,rf 10000,gbt 10000,orf 1000,rf 1000,gbt 1000,orf 100,rf 100,gbt 100
AT4G36730-AT3G21560,0.331139950554782,0.1702534612725852,0.144338376882348,0.417274642266269,0.1696940822877798,0.144338376882348,0.281246460093681,0.2066622112082733,0.1443383769147398
AT4G36780-AT1G62975,0.315399469747614,0.1902568001013675,0.0760240637754654,0.371419205249315,0.1721343834727917,0.0760240637754654,0.214033578003471,0.1393173843427434,0.0760240637681286
AT3G57920-AT3G23630,1.0,0.363247743454338,0.1531628830479855,1.0,0.3506316532326306,0.1531628830479855,0.713693324913729,0.3450677185992969,0.1531628830536049
AT1G04990-AT1G44020,0.459734238258587,0.215772047874649,0.0099427155752536,0.421874842383405,0.195956556904762,0.0099427155752536,0.221018865916966,0.195068151603062,0.0099427155715822
AT1G51140-AT1G78820,0.208780751706176,0.2641988478594167,0.1153962108851318,0.256018123659851,0.2635555835892896,0.1153962108851318,0.260374033574116,0.2776170239982847,0.1153962108782268
AT3G57920-AT5G01040,0.331448222253594,0.2333124310884514,0.0412746786754229,0.325886957024079,0.2389465646247155,0.0412746786754229,0.386488776627734,0.2325819566462987,0.0412746786796376
AT4G36730-AT2G34720,0.22888086966976,0.1189144807587483,0.0362899825655204,0.296585503425554,0.1166497888850393,0.0362899825655204,0.222310808328632,0.1163064212181884,0.0362899825655666
AT4G36730-AT1G58460,0.427042830505198,0.1143450213331506,0.0253949038948398,0.370829497709777,0.1134078964170628,0.0253949038948398,0.364301417069872,0.1004634468138729,0.0253949038691017
AT4G17230-AT5G41740,0.467491152919874,0.1865307156556309,0.0841528411405159,0.50628304655466,0.1857994798372068,0.0841528411405159,0.274807740631033,0.1867967850382586,0.0841528411141096
AT1G68640-AT2G23030,0.158649218048092,0.3251455314076436,0.404984041868156,0.254092498819378,0.346403945102527,0.404984041868156,0.126457065712009,0.3617757224092212,0.4049840418725543
AT1G51140-AT5G06530,0.286144169639763,0.1167294820067724,0.0166539941282038,0.330651758695397,0.1109198979014701,0.0166539941282038,0.137376874122246,0.1035175710138405,0.0166539941178886
AT1G51140-AT1G05420,0.41904382035673,0.2799801300997571,0.0086653715804143,0.39429456659244,0.2845220214056546,0.0086653715804143,0.443633421116723,0.2821712493865042,0.0086653715796526
AT1G51140-AT1G18330,0.340005817455194,0.1888577560197303,0.0685782171922703,0.386657847085559,0.1954129647081435,0.0685782171922703,0.495043944630286,0.2245687430165674,0.0685782171582845
AT5G37020-AT4G13010,0.361182304851349,0.1749091408996778,0.0255273360698972,0.402384209006999,0.183433887070386,0.0255273360698972,0.104991684684058,0.1423325624513536,0.0255273360393263
AT4G17230-AT5G52510,0.770505126414888,0.1755268575944488,0.0355730695717652,0.762601948303632,0.1705318622559789,0.0355730695717652,0.70042415873506,0.1632675782134483,0.0355730695640576
AT1G04990-AT5G15310,0.0703399981309049,0.3731490010442659,0.1268677421856176,0.0848546324816507,0.3840511730597802,0.1268677421856176,0.155855654695651,0.358901679978002,0.1268677421910478
AT4G36730-AT3G23210,0.69880561273654,0.2233670236480392,0.0150081553683816,0.730477557334022,0.2311513460987641,0.0150081553683816,0.337993828512294,0.2550151687771261,0.0150081553689095
AT4G36780-AT1G63650,0.268736057708758,0.15256784857485,0.0184058959913115,0.28371757562302,0.1457071225146279,0.0184058959913115,0.226099056105966,0.1229888508318062,0.0184058959894284
AT2G36080-AT5G17810,0.183865810385028,0.1822677356519729,0.0433317268228452,0.138985256904829,0.1777690486122667,0.0433317268228452,0.303686439755743,0.2060778549524129,0.0433317268330005
AT4G36780-AT4G18210,0.497291813537419,0.1394321200229425,0.052023495481029,0.52501184845516,0.1315760125621842,0.052023495481029,0.551662882191921,0.0979890450864433,0.0520234954807495
AT4G36780-AT3G21870,0.477317679048903,0.0716289308696327,0.0080624566078724,0.344266287835104,0.0694462394069115,0.0080624566078724,0.329633721374159,0.0530636790117316,0.0080624566045573
AT3G57920-AT3G57920,0.23687589530772,0.5507638330983484,0.5826753699309917,0.215969050155387,0.54767565058427,0.5826753699309917,0.0964931165009305,0.5388376685478414,0.5826753699296797
AT3G57920-AT1G07135,0.986113406620989,0.3032877984558683,0.1204344540566271,0.977522365817348,0.2896876799104406,0.1204344540566271,0.880002348240388,0.2940218667094479,0.1204344540649781
AT1G58100-AT2G26580,1.0,0.1046927247294931,0.0180813556868361,0.652561282411422,0.1051801607709765,0.0180813556868361,0.598586822502403,0.0677109434621366,0.0180813556931726
AT1G30330-AT2G46790,0.152155060647883,0.2270030074293202,0.0757292236976244,0.160000490533196,0.2379228711436666,0.0757292236976244,0.266559840574603,0.241607005468548,0.0757292236797824
AT1G43700-AT1G79700,0.111961582915984,0.1130053870855323,0.1050021190262631,0.265426073353849,0.1069605403814326,0.1050021190262631,0.22190295915099,0.1105310874827644,0.1050021190774882
AT3G57920-AT1G72940,0.454174742678079,0.1618317206040979,0.0047631986198723,0.572287053305481,0.1585912839729685,0.0047631986198723,0.274040115833449,0.1816544896027074,0.0047631986227038
AT4G17230-AT1G20520,0.373923268940872,0.1368522064404305,0.1978734615498138,0.394712214417934,0.1266616852260033,0.1978734615498138,0.282498366969241,0.1325351049329247,0.197873461586992
AT1G04990-AT1G22810,0.960184942034252,0.3580293609720411,0.1115972690501898,0.937540129372678,0.3429606085001425,0.1115972690501898,0.69350194473277,0.3998626795816498,0.1115972690522143
AT1G30330-AT3G24520,0.175659455335502,0.1597185334233259,0.0303941158843367,0.106040786365586,0.1753268251085954,0.0303941158843367,0.250964843663732,0.2103009711054875,0.0303941158746486
AT1G01260-AT5G42650,0.224306750259024,0.1636423829993238,0.0436259898357639,0.154604253018144,0.1526204336457631,0.0436259898357639,0.255098454846607,0.1557690031671369,0.0436259897874123
AT1G01260-AT3G60390,0.35983582017457,0.2220733104967445,0.0777166346979044,0.282647161852636,0.2388386263686862,0.0777166346979044,0.323672577327124,0.2115839590891196,0.077716634569746
AT2G36080-AT2G02630,0.301428397516615,0.2167265091680491,0.1074800995304676,0.299964339258704,0.2003247923387226,0.1074800995304676,0.221524034248719,0.2328984755259686,0.1074800995546892
AT2G28450-AT4G00210,0.456435026108632,0.1794085689039527,0.1287638767901407,0.5391903787023,0.1704790467422365,0.1287638767901407,0.624494341571613,0.1713969850432496,0.1287638768511669
AT5G11260-AT4G33280,0.371971730411408,0.221178815420419,0.0055612668621242,0.343362324323123,0.233939000530802,0.0055612668621242,0.372987441094919,0.1928453230101668,0.0055612668580665
AT1G30330-AT1G30330,0.717384988745478,0.2033620670693153,0.6854740439468271,0.68824404679495,0.2027483918737151,0.6854740439468271,0.769298782231029,0.1697642061683053,0.6854740439484438
AT1G51140-AT5G65340,0.416999644556466,0.214639684663499,0.0342338564575451,0.444377320314436,0.2031485472597076,0.0342338564575451,0.281783953070384,0.2299731081705515,0.0342338564481264
AT4G36730-AT1G78450,0.292486700886873,0.0949747578712109,0.0238576418097097,0.305097663532169,0.0919825186548923,0.0238576418097097,0.281246460093681,0.0949489153919821,0.0238576418225329
AT4G36780-AT1G17920,0.202866785054357,0.1683432774018533,0.0471881469539626,0.232300381974225,0.1848337876016526,0.0471881469539626,0.281246460093681,0.1704116300358224,0.0471881469417074
AT5G37020-AT2G46340,0.0478480417766271,0.2399752731641876,0.093853822411614,0.153506331987447,0.2323676970000523,0.093853822411614,0.0381582837724256,0.1981440810209692,0.0938538224362428
AT1G43700-AT3G23240,0.712059831874196,0.1974554336770791,0.0163590627227559,0.822969604362745,0.204330977142377,0.0163590627227559,0.272248216614806,0.2115703426717562,0.0163590627189758
AT1G51140-AT2G39560,0.146027762216621,0.221133075290937,0.2212785028138304,0.19671633296568,0.229306074682071,0.2212785028138304,0.281417299622665,0.2236811667765325,0.2212785029173238
AT5G37020-AT2G45160,0.139402930748182,0.2787406621763347,0.1493260710429993,0.113026052789656,0.2682594388657195,0.1493260710429993,0.245587140683911,0.2220058965126679,0.1493260709791924
AT4G17230-AT5G42380,0.429415455231249,0.4343264308744192,0.3428571510707902,0.441736246737733,0.4471067452003406,0.3428571510707902,0.390124459803848,0.498211483917797,0.342857151046898
AT1G30330-AT1G32690,0.543189832481128,0.1935575231212321,0.0261314276960429,0.489260503940889,0.2049065243944573,0.0261314276960429,0.412834300404233,0.2285014590343343,0.0261314276860993
AT1G04990-AT5G37260,0.702524526219228,0.1671924352055075,0.0626469897001228,0.656688201050225,0.1651432998079652,0.0626469897001228,0.609917359682406,0.134691077133131,0.0626469897191736
AT2G36080-AT3G02910,0.256498709362882,0.1102071834111401,0.0158210658780088,0.264498639957642,0.0986788817104049,0.0158210658780088,0.291672616835847,0.1003828436720995,0.0158210658676058
AT1G04990-AT5G25890,0.403840640542728,0.2332749185232613,0.2385913887629996,0.391815166599651,0.219952809447663,0.2385913887629996,0.41719550931696,0.2111612912837648,0.2385913887647673
AT3G57920-AT2G27080,0.0,0.4525414462979168,0.291686831652276,0.0,0.4576991212016351,0.291686831652276,0.103419241240899,0.5048189239782245,0.2916868316568055
AT4G36730-AT2G36790,0.266675910186621,0.1390209487491257,0.0780886266735847,0.274705472116623,0.1276500286368768,0.0780886266735847,0.238935324246652,0.1683300880838664,0.0780886266868026
AT1G01260-AT1G76640,0.12794215464504,0.1473343939477184,0.0307965976517737,0.137468406205105,0.1327101321575345,0.0307965976517737,0.243514225868826,0.1323309029335013,0.0307965975810861
AT4G17230-AT2G15760,0.411721677448748,0.1821929272549114,0.0489958728750024,0.34649898351122,0.1927171926387272,0.0489958728750024,0.190622918939141,0.1791914282419039,0.0489958728823556
AT2G28450-AT3G07650,0.181921783977874,0.147725006337981,0.0221503510631856,0.309926557678172,0.1654106265129405,0.0221503510631856,0.141404184643072,0.1763892861918659,0.0221503510703578
AT4G36730-AT1G07010,0.212354442370549,0.1562145282490753,0.1809643822834359,0.25238136212769,0.1430663244235451,0.1809643822834359,0.601028588978281,0.1640206995543219,0.1809643823538515
AT1G04990-AT4G13620,0.0106120075275606,0.3294490734784178,0.210681672945555,0.00702639145178302,0.3242357896685186,0.210681672945555,0.0451930526258475,0.3196365091116013,0.2106816730080153
AT2G36080-AT5G26660,0.204472832910533,0.2915686169719033,0.1893829596583571,0.190853402510625,0.2743095492771444,0.1893829596583571,0.157919491059711,0.3005402084178505,0.1893829596585694
AT1G01260-AT3G45610,0.107900663891871,0.0991251002517975,0.0046054786988046,0.156196769176759,0.0963774629510281,0.0046054786988046,0.260499333071448,0.1485165537233439,0.0046054786926348
AT2G28450-AT5G65800,0.121139951551661,0.1854825307713598,0.1327468617933784,0.335770422583814,0.1899955056517328,0.1327468617933784,0.213175510529471,0.2110553495912952,0.1327468618360916
AT2G28450-AT2G41690,0.461812355966206,0.218147595518586,0.0741263761143094,0.486528300663226,0.2367641104379861,0.0741263761143094,0.37808862738937,0.2322389211189716,0.0741263761497447
AT3G57920-AT3G50260,0.518181470980223,0.1491731161589834,0.0184865884714954,0.487614440082594,0.1604649299456003,0.0184865884714954,0.20637266613827,0.2027527119763865,0.0184865884768258
AT2G28450-AT3G61630,0.10410884722038,0.1245263599727045,0.0461608033656179,0.141656481120733,0.1307430921193175,0.0461608033656179,0.183445783985469,0.1253996976350979,0.0461608033648648
AT1G04990-AT2G40080,0.50967393677583,0.1278795908463715,0.0463540077173294,0.397352702988162,0.1253780435901993,0.0463540077173294,0.703443128688827,0.109995740078292,0.0463540077122285
AT1G51140-AT2G02070,0.386852285905858,0.2552032788840978,0.2117613252024663,0.369886569846694,0.2517756925572653,0.2117613252024663,0.601028588978281,0.2357159837269589,0.2117613252679086
AT4G36730-AT3G51240,0.191667279100622,0.1629552803301373,0.2754848681015909,0.153239587929991,0.1468266176279065,0.2754848681015909,0.218548284597076,0.1716680531638018,0.2754848682185938
AT4G36780-AT5G14750,0.225868050730936,0.1398444860095712,0.0296944693007843,0.16113602651664,0.1448366939852269,0.0296944693007843,0.160798329219612,0.1079480829582732,0.0296944692935079
AT1G51140-AT4G24415,0.55634996554921,0.278807298077424,0.2165160210120483,0.517134577625861,0.2740433040890834,0.2165160210120483,0.441137524535981,0.2269887233815019,0.2165160210940542
AT5G11260-AT1G24140,0.477025954923885,0.300884220854395,0.1333290232694161,0.436333375276548,0.2937499641284395,0.1333290232694161,0.731666183166353,0.2839783671742565,0.1333290233008345
AT5G37020-AT5G55620,0.253786528393647,0.1715565123010061,0.1315003793348263,0.360643856835996,0.1595255561547695,0.1315003793348263,0.12560238671832,0.1678528912185692,0.1315003793327759
AT5G11260-AT5G67080,0.400432854502365,0.2478848163743459,0.0836792009100115,0.411110493431003,0.2532667063487506,0.0836792009100115,0.34253726912405,0.1840605520185255,0.0836792008884151
AT3G57920-AT5G18670,0.599565322761334,0.293596326567055,0.1015097547176649,0.546958627041011,0.3083976725056837,0.1015097547176649,0.427700855983044,0.3027984796735581,0.1015097547193989
AT1G51140-AT1G52200,0.387823400715974,0.1627353310897642,0.1563185483411523,0.353704740745895,0.1769376956823282,0.1563185483411523,0.236878729734213,0.1808277510401544,0.1563185483411109
AT1G30330-AT5G41590,0.467168092101017,0.1397916390218753,0.016531302308717,0.469460611405693,0.1412032947368503,0.016531302308717,0.386018213363073,0.1613238958101273,0.0165313023020674
AT4G36730-AT2G46420,0.328415022325575,0.1241323881786779,0.130176294405639,0.316374971629628,0.1306107282402607,0.130176294405639,0.243206465333562,0.1280097321774145,0.1301762944367022
AT1G30330-AT5G57520,0.619889271191326,0.1420254955696632,0.0006030251252932,0.60153745761053,0.1326408322091481,0.0006030251252932,0.404583787164798,0.151761075079967,0.0006030251254537
AT4G17230-AT4G21840,0.446818840225785,0.1448821401159242,0.0420650685929058,0.415319358327457,0.1604966211016198,0.0420650685929058,0.428904036898241,0.1793680052139249,0.0420650685815059
AT1G30330-AT5G58900,0.373922899402583,0.2203555599545602,0.0491486706068302,0.41581098265184,0.2285530286462981,0.0491486706068302,0.349182710731931,0.2332942160346726,0.049148670611882
AT2G28450-AT2G41240,0.239697826001136,0.1498324135324618,0.1149800255575219,0.348373181895706,0.1505833771423713,0.1149800255575219,0.254507392550916,0.1503562490778303,0.1149800254807432
AT5G06110-AT4G13790,0.271559588117254,0.1553425850760725,0.1681587995631892,0.30618388940849,0.1431747497298034,0.1681587995631892,0.265669445834224,0.1166521017499673,0.1681587995537608
AT4G36780-AT2G21320,0.090151579463942,0.218515042739824,0.0340858296845277,0.114397145277538,0.2384097640458967,0.0340858296845277,0.149890440839405,0.2564931312289822,0.034085829651142
AT3G57920-AT3G02140,0.472080118838103,0.1884072444109269,0.0218335184396997,0.465625404346681,0.1957010522746498,0.0218335184396997,0.388140495023465,0.23934058495964,0.0218335184406478
AT1G30330-AT5G35732,0.0685808411867303,0.2874251182227051,0.1192618960385396,0.0637767937955865,0.3069035785197354,0.1192618960385396,0.171648636157924,0.3341640667536911,0.1192618960130281
AT1G04990-AT2G27420,0.187429076511863,0.3278175791211037,0.1531567554088951,0.13398677504897,0.3236418663090635,0.1531567554088951,0.222346934491528,0.3771357517854837,0.1531567554051199
AT4G36780-AT1G80340,0.542373198495169,0.0867146597005723,0.0011870206349585,0.531378375765997,0.0757514176876091,0.0011870206349585,0.202451209570819,0.042953254711235,0.0011870206348739
AT5G11260-AT4G24150,0.338108025305817,0.0978318763924759,0.0043913019893066,0.357011386723244,0.1003971997556468,0.0043913019893066,0.239052135600803,0.0622600942089194,0.0043913019892576
AT2G28450-AT1G51830,0.121214284241189,0.1345619320622369,0.047698675371491,0.213798299845655,0.139190697251158,0.047698675371491,0.212984991816427,0.1290700327770688,0.0476986753690571
AT1G30330-AT1G64405,0.240780831815039,0.3343967770154136,0.0374998089067357,0.274690281315009,0.3538737508645699,0.0374998089067357,0.174353578621956,0.3677215053590847,0.037499808891484
AT2G36080-AT5G02970,0.419517701057673,0.2718551750451949,0.0048187450328464,0.428012291223901,0.2695097426478363,0.0048187450328464,0.239434334612391,0.2635318203294374,0.0048187450296336
AT1G01260-AT5G07010,0.0858497907593674,0.1427580703535333,0.0610241108681742,0.0698189289468412,0.1307390177418581,0.0610241108681742,0.203005497579277,0.1157851125359735,0.0610241107373451
AT1G51140-AT2G41100,0.366258781401956,0.2107952457075343,0.2362290359571664,0.370964331454345,0.2167473086811762,0.2362290359571664,0.230635423559965,0.229833141551032,0.2362290360111587
AT2G28450-AT1G18100,0.121245763875314,0.1196449167879433,0.0020214270115367,0.229933422786459,0.1084573451401585,0.0020214270115367,0.108336436732754,0.0968218916083115,0.0020214270100291
AT1G68640-AT4G00940,0.384504051763057,0.2680247693384379,0.138387777462411,0.634716110327311,0.2720874974849467,0.138387777462411,0.516974981777935,0.3256667674154246,0.1383877774613185
AT1G68640-AT2G28450,0.349540243288275,0.0832405938667459,0.0598434214558952,0.495822107381228,0.0776278152040648,0.0598434214558952,0.399028872810005,0.0813559801210771,0.0598434214614343
AT1G01260-AT4G09460,0.169787550297601,0.1583981924505427,0.0239279580803068,0.137688276671669,0.1558128740833612,0.0239279580803068,0.258973075869884,0.1409243268073925,0.0239279580317342
AT1G30330-AT1G68880,0.778132639359927,0.2658714585326279,0.2953585210048827,0.717883594669103,0.2530579267318829,0.2953585210048827,0.41154536609029,0.253842572138636,0.2953585210074113
AT5G37020-AT1G67070,0.143776484162574,0.1912021653344456,0.0498448798773738,0.222973653901503,0.1845603839762109,0.0498448798773738,0.271984221422312,0.1477921773432853,0.0498448798887933
AT5G11260-AT1G35210,0.31572044528351,0.2934300858090809,0.2188429950035002,0.305365698355703,0.28545966508853,0.2188429950035002,0.217043139976772,0.2764817420999014,0.2188429950057923
AT1G30330-AT2G16365,0.301395437333799,0.125111261540623,0.0144493671004052,0.241604277337085,0.1387671222678307,0.0144493671004052,0.411260423578798,0.1635326424746069,0.0144493671033534
AT4G36780-AT1G80130,0.266681052339798,0.1319018613696014,0.0023586989867713,0.255593312981519,0.1333225056905527,0.0023586989867713,0.281246460093681,0.1094459423229642,0.0023586989866588
AT1G30330-AT3G61750,0.23454520217767,0.2047071620184762,0.0354917577305735,0.17417207598034,0.206250259033746,0.0354917577305735,0.179664202313861,0.1976977610925455,0.0354917577198543
AT2G36080-AT3G46800,0.302643896670096,0.3147711695904925,0.0078340155933815,0.288213467450787,0.3075656518887946,0.0078340155933815,0.170801730434709,0.3016986889329113,0.0078340155937248
AT4G36730-AT2G38230,0.36976385118521,0.1713797611521276,0.0432989176062634,0.430160409310296,0.17848568034162,0.0432989176062634,0.594126749259671,0.2150639293228802,0.0432989176131856
AT4G36730-AT1G50250,0.171952626643737,0.1764989200540441,0.1263037261882747,0.282300649955644,0.1769717361786711,0.1263037261882747,0.215720708161349,0.1705024585511234,0.1263037262324506
AT5G37020-AT2G21970,0.618273925449448,0.1790595061358099,0.1217893881136477,0.612003641154397,0.1663822331789856,0.1217893881136477,0.674584513982216,0.1943504760922466,0.1217893881387753
AT4G36780-AT2G36630,0.519590257953657,0.1355934677212079,0.0457024251541674,0.496525780593056,0.1409162970740032,0.0457024251541674,0.281246460093681,0.1400993957821404,0.0457024251459873
AT1G51140-AT4G23550,0.861070902728821,0.1892540083621786,0.0981603496678718,0.809002332314978,0.1937787155103745,0.0981603496678718,0.718819166923694,0.2219342506924513,0.0981603496955511
AT5G11260-AT1G66160,0.270248908365388,0.2216872798810024,0.0418785803278596,0.283552243703829,0.229972423212588,0.0418785803278596,0.222375836409897,0.2147231349816525,0.0418785803132866
AT5G11260-AT1G12610,0.307931071391318,0.2537219855341325,0.1020198251703811,0.234536644228487,0.2591857843236929,0.1020198251703811,0.20400008988635,0.190763942129816,0.1020198251992181
AT5G11260-AT5G52020,0.433503742803235,0.1779484918089064,0.0047750219523312,0.412633807614844,0.1637856623801635,0.0047750219523312,0.452492795562455,0.132187587695224,0.0047750219500346
AT2G28450-AT2G28510,0.569380829857769,0.1737790239296016,0.0245949015430464,0.614734659479568,0.1767025526224761,0.0245949015430464,0.416315751449927,0.1305846991259724,0.0245949015399003
AT2G36080-AT1G15100,0.78872101298007,0.1692000300465792,0.0285915233187769,0.837419318033703,0.1671649205391265,0.0285915233187769,0.611857082446836,0.1616674643528353,0.0285915233331396
AT3G57920-AT1G74450,0.372584423003691,0.2103053292984113,0.2523453047922644,0.346460093566836,0.1997966370813901,0.2523453047922644,0.448443017487272,0.2505262937750644,0.2523453047193253
AT4G36780-AT4G21870,0.665027893184412,0.1811947383840152,0.0543570815899933,0.727268550950914,0.1842017232941266,0.0543570815899933,0.68905773165299,0.2431969296692372,0.0543570815764854
AT4G17230-AT2G39650,0.364800351094475,0.2528954522342422,0.0661948868308517,0.368218293428843,0.2363121124151569,0.0661948868308517,0.333279783658357,0.2119256005420495,0.0661948867946969
AT5G06110-AT1G26945,0.166038821960104,0.1735696129236109,0.3267929439489753,0.0743775615617461,0.1641115474791847,0.3267929439489753,0.298862543668017,0.1595555999783376,0.3267929439454784
AT1G04990-AT2G02680,0.216778388547921,0.1651545424751252,0.0650682464565049,0.255726834196872,0.1596058950932276,0.0650682464565049,0.1544861179624,0.1589240765696602,0.0650682464919485
AT2G36080-AT1G61890,0.256562808912735,0.3667417030645228,0.0314058606876383,0.264348768545867,0.3720585181122939,0.0314058606876383,0.227959129569677,0.374475728195964,0.0314058606971618
AT5G37020-AT5G19240,0.285458442736226,0.1610181569728093,0.0431864682768571,0.282652623374076,0.1496127928237961,0.0431864682768571,0.20194015632743,0.1159765372703293,0.0431864682411196
AT2G28450-AT1G68640,0.819996712390225,0.2044909501373322,0.083550820339119,0.86582530534075,0.2005251821335351,0.083550820339119,0.630370963739015,0.1878551795003251,0.083550820396752
AT4G36780-AT3G09600,0.209374307500668,0.1260150449175716,0.2038671087301149,0.246268807754572,0.1210212903841398,0.2038671087301149,0.294653658828807,0.1693798050064003,0.2038671086877268
AT4G36730-AT4G15430,0.690820151944,0.0559079943306018,0.0044531531933188,0.649464314286722,0.0475501926403318,0.0044531531933188,0.534820727358555,0.0580129403126586,0.0044531531959972
AT1G30330-AT2G02700,0.253987077963598,0.1085541519348531,0.008959306611723,0.179622815020966,0.1073122682341137,0.008959306611723,0.132633418915725,0.0949214716506865,0.0089593066089388
AT4G17230-AT2G22880,0.377769044477432,0.1058750037148899,0.000757677169051,0.353850003294411,0.1134497759577436,0.000757677169051,0.335975654685661,0.141388008562795,0.0007576771690226
AT1G01260-AT4G15440,0.0645761669700731,0.1398712565095747,0.0066090648637174,0.127934222044584,0.1275328941561635,0.0066090648637174,0.246650717914092,0.1317508913759586,0.0066090648484816
AT1G68640-AT4G19690,0.312712315890384,0.1110849191307771,0.0346851380008279,0.293656878453695,0.1091025209015094,0.0346851380008279,0.208578075055176,0.1373361172956897,0.0346851380026074
AT2G28450-AT3G58710,0.210964227843342,0.1823174046897902,0.1506350198831358,0.291842597015222,0.1870955387918786,0.1506350198831358,0.195100827722791,0.2048416616286534,0.150635019924854
AT3G57920-AT2G35290,0.273575888388334,0.3003331555464645,0.1220904946676378,0.31855279957932,0.3002293359701226,0.1220904946676378,0.108827362851404,0.3082988181502184,0.1220904946752464
AT5G37020-AT5G43630,0.0,0.3056811492643089,0.0797625105813538,0.0,0.2961813547741558,0.0797625105813538,0.0236515906743598,0.2724909964082321,0.0797625105880826
AT4G36730-AT5G64170,0.204302915101197,0.1896773375029143,0.2689275174988917,0.198596601969489,0.1970088950824124,0.2689275174988917,0.211257817340537,0.2026689953205732,0.2689275174871436
AT5G11260-AT5G43170,0.776667844286925,0.0945871593024141,0.002399222806914,0.8586865972957,0.0846422646801548,0.002399222806914,0.545061980339536,0.0912379394316297,0.002399222806899
AT1G30330-AT1G04990,0.321347741931853,0.1267184501681437,0.0051942611962123,0.300141292934543,0.1261368214461873,0.0051942611962123,0.300945654757934,0.117880632944875,0.005194261197374
AT4G36780-AT1G10370,0.0873360310078959,0.3171041078635623,0.1532509033028327,0.146844728028588,0.3235933914874845,0.1532509033028327,0.153235204285337,0.2731501919374891,0.1532509031721598
AT1G30330-AT1G19220,0.756615498533602,0.1354750574182141,0.004059062432378,0.674928577703516,0.1261282683210504,0.004059062432378,0.366889565917302,0.1534220940339279,0.0040590624306781
AT1G30330-AT1G78600,0.315735886277513,0.1175107742365217,0.0189875734108246,0.292468964744722,0.119936978872464,0.0189875734108246,0.305697502708145,0.142133018627401,0.018987573397004
AT4G36780-AT2G44370,0.810331478692906,0.2470671569355477,0.008112866489815,0.733093228885532,0.2418047067298364,0.008112866489815,0.720752646078583,0.2202879421607497,0.0081128664847431
AT1G30330-AT3G24840,0.190012144630557,0.1324997441488879,0.0366365078872845,0.129989692725596,0.1489096410014672,0.0366365078872845,0.140647582743295,0.1825340912497571,0.0366365078959132
AT5G37020-AT5G58760,0.158206994510502,0.3201340628820052,0.2871702325529969,0.224773382720426,0.3116004146624098,0.2871702325529969,0.0374340690413889,0.316005556687699,0.2871702325446519
AT1G30330-AT2G35940,0.397122746470395,0.1230503409242597,0.0075331019924877,0.410535148694444,0.1250234704828126,0.0075331019924877,0.3731809965388,0.1401873612334754,0.0075331019941357
AT4G36780-AT5G40590,0.675786514245271,0.2352767435860512,0.0636960096084096,0.691717735073796,0.221727317991654,0.0636960096084096,0.281246460093681,0.2184209917369697,0.0636960095965208
AT1G30330-AT1G59640,0.426272289516618,0.1368419686370094,0.006479507435706,0.451836723563475,0.1353838075381439,0.006479507435706,0.416831022077451,0.1184513728953609,0.0064795074371266
AT5G37020-AT1G51140,0.135952276873696,0.215101650157745,0.1582252063788895,0.130711234649296,0.2136633673723581,0.1582252063788895,0.152804615133851,0.1862191627317599,0.1582252063783672
AT3G57920-AT3G47960,0.628602442516544,0.2942281651966152,0.1909444080108793,0.620805256611005,0.2954549894851813,0.1909444080108793,0.38965941039756,0.2923537061654652,0.1909444081160118
AT4G17230-AT5G22250,0.245660278542659,0.2289396624086055,0.2561460354913446,0.264614246882098,0.2192693765812108,0.2561460354913446,0.209546191214436,0.2123527472078885,0.2561460354081675
AT2G36080-AT4G37610,0.325805130750453,0.3432970254368974,0.2131250510097874,0.369034093524098,0.3233858466081185,0.2131250510097874,0.311323350843744,0.3498754484626185,0.2131250510104138
AT5G11260-AT2G35930,0.464584331964349,0.1329840666853976,0.0269070660033536,0.470142227594507,0.1407923093301829,0.0269070660033536,0.466648439609064,0.12399834927519,0.0269070660100653
AT1G51140-AT3G08660,0.326695482026126,0.2376276003120033,0.1159026888007284,0.362577703448685,0.2317645233673632,0.1159026888007284,0.276856330243414,0.2188029370825675,0.1159026888274475
AT4G17230-AT3G16350,0.351265111956545,0.1597085401136602,0.1135793953240607,0.413518795418816,0.1482007202991912,0.1135793953240607,0.239485902918044,0.1463810144736677,0.1135793952614184
AT4G36730-AT5G11270,0.377796356521232,0.1180655525924267,0.1312769895040793,0.402194844437197,0.1130417008272366,0.1312769895040793,0.178545266251311,0.1193046713912367,0.1312769895566635
AT4G36780-AT5G50100,0.665351900298478,0.1695243860691677,0.068538712197817,0.691502019501891,0.169452874474821,0.068538712197817,0.770975021627656,0.2177607593432808,0.0685387121859731
AT5G37020-AT4G17215,0.145748077800215,0.1234175346309016,0.0181475099005537,0.162807849892557,0.1257639742367029,0.0181475099005537,0.134861977967197,0.1170595263723467,0.0181475099065635
AT1G04990-AT1G13110,0.193811725891493,0.1962260505684105,0.1173474314857234,0.174338784275473,0.1865721179799639,0.1173474314857234,0.199451492278301,0.219471656707514,0.1173474313993202
AT2G36080-AT3G05800,0.0770030020323738,0.2756919916571052,0.1265701285655802,0.0971276850268176,0.2643772248916167,0.1265701285655802,0.0571731213278006,0.2542587001774518,0.1265701285661255
AT4G36730-AT5G57660,0.229649042421495,0.1901116086823466,0.0735022568836358,0.286021370961008,0.1981112634955352,0.0735022568836358,0.383596490570053,0.2288514630369693,0.073502256923162
AT4G36780-AT5G21280,0.243474179823305,0.2967667897394174,0.4056137165336187,0.231083845538479,0.3007814441133449,0.4056137165336187,0.177177588161603,0.2741110091313153,0.4056137165305309
AT4G36780-AT1G18810,0.698519901789831,0.1702199137189586,0.1334856326133115,0.667844065591167,0.1744915670026074,0.1334856326133115,0.441137524535981,0.1903196737450366,0.1334856326459981
AT1G51140-AT3G16175,0.269141704595587,0.2136154818095001,0.0023191847956717,0.290035423058998,0.2193700783515561,0.0023191847956717,0.144872952798249,0.2141633980848837,0.0023191847945045
AT5G11260-AT3G20600,0.430202638664794,0.0930398880162257,0.0006049880358333,0.393520465808783,0.0886634921115509,0.0006049880358333,0.43970897370932,0.0540830424361275,0.0006049880358389
AT2G36080-AT1G80760,0.304939728050342,0.1774358513839584,0.0590594731155135,0.287233736122519,0.1561166629201264,0.0590594731155135,0.172347297544645,0.1803327120875492,0.0590594731152245
AT1G68640-AT1G49720,0.154340008887667,0.2061186938168535,3.1411549979545515e-05,0.412298040956057,0.2124033737447785,3.1411549979545515e-05,0.168786590383802,0.233755613346567,3.1411549972326965e-05
AT4G17230-AT5G05410,0.404535913121125,0.2086184926124453,0.1955142864404441,0.380626478390711,0.2276472564488206,0.1955142864404441,0.336517016580743,0.2345732244690249,0.1955142863883199
AT1G51140-AT2G37970,0.284565040551514,0.2524077362140458,0.1204572381885266,0.349955022686676,0.2685384772320693,0.1204572381885266,0.290771363199093,0.3099921209803776,0.1204572382190584
AT1G43700-AT5G02090,0.255017283597936,0.265044949578592,0.2381824862452893,0.350791383865486,0.268879940199039,0.2381824862452893,0.224354309700323,0.2616259597369283,0.2381824862211981
AT5G11260-AT3G29000,0.399197789933734,0.2828922024143483,0.2060247340884028,0.372219977302551,0.2882593375019057,0.2060247340884028,0.256314735541978,0.2751194185663203,0.2060247341804563
AT4G36780-AT5G12010,0.647969651561297,0.0884635649495069,0.019832675161902,0.605934197587658,0.0944087444685347,0.019832675161902,0.431375440247128,0.1025286752754454,0.0198326751534543
AT1G68640-AT5G01900,0.272400646184136,0.2352571966033506,0.1330030601156558,0.470559181589281,0.2321760002702688,0.1330030601156558,0.303574517878142,0.2671057745232754,0.1330030601151734
AT1G51140-AT5G14760,0.322055347754294,0.1683138340869134,0.0449061200588531,0.316489347797402,0.1743402689760254,0.0449061200588531,0.263896014898213,0.2236487041117077,0.0449061200313281
AT1G68640-AT1G21450,0.0,0.2525052115596824,0.0622025475864138,0.0683753631347334,0.2465688126837241,0.0622025475864138,0.287046620028756,0.2528686689395998,0.0622025475549717
AT2G28450-AT3G53200,0.111232071529555,0.1568695272943036,0.0754225966317483,0.129680137683147,0.1638131306907307,0.0754225966317483,0.227755855311783,0.1675908885910929,0.0754225966652861
AT4G36730-AT1G05710,0.22786536304872,0.1578031947223516,0.0763736790309517,0.224417910098036,0.1561967486977366,0.0763736790309517,0.131425391843445,0.163469661568452,0.0763736790312674
AT1G30330-AT1G29640,0.184259003093683,0.1479077886056622,0.0350643069408812,0.137813212649148,0.1690771006593632,0.0350643069408812,0.161863496729687,0.1852402114621033,0.0350643069370259
AT1G30330-AT2G37360,0.585531457217155,0.1531989439232601,0.2494600732040336,0.64930888592994,0.1595314825216131,0.2494600732040336,0.352484950357236,0.139263908653312,0.2494600732226708
AT4G36780-AT1G70000,0.231558173175908,0.1578740092241417,0.1315641129452314,0.374029011644645,0.1711922774123588,0.1315641129452314,0.223013192331494,0.196356538270523,0.1315641129314589
AT4G36730-AT3G12320,0.188078415321903,0.1778784670992274,0.162714621616668,0.198715432324314,0.1798782561475998,0.162714621616668,0.213884616479683,0.214551296360079,0.1627146216427784
AT1G30330-AT5G44110,0.306093063445187,0.1661571993175012,0.0422766811262039,0.280896082920366,0.1781706953322676,0.0422766811262039,0.225941083436291,0.1845446022983776,0.0422766811184509
AT5G37020-AT3G05860,0.197560563518963,0.2060002567317773,0.1667432206553845,0.184083422710429,0.2110834863296653,0.1667432206553845,0.146849822742968,0.1944953501031218,0.1667432206570347
AT1G51140-AT5G60850,0.434714129059003,0.2589650962802101,0.1618686821653988,0.408242700436475,0.2678577051763277,0.1618686821653988,0.689101781913405,0.2464638755617908,0.1618686821619673
AT1G30330-AT4G11360,0.310919700798375,0.3632333981208985,0.4046834999566066,0.231380351120793,0.3683867339037213,0.4046834999566066,0.348346090300117,0.3264458125346368,0.4046834999593545
AT1G30330-AT1G07690,0.298095915515319,0.3454948441468189,0.0611974438134593,0.292784789647959,0.3719935728148444,0.0611974438134593,0.426007761085371,0.3740421090481095,0.0611974438146861
AT5G37020-AT1G14430,0.464184191190523,0.0883901471845891,0.0088439354667792,0.542603404316688,0.0716888067053082,0.0088439354667792,0.441137524535981,0.0717665038716957,0.008843935468244
AT1G30330-AT1G72416,0.246342122038582,0.1357351847958038,0.0509671872438001,0.268329903686571,0.1455191402804312,0.0509671872438001,0.267440598826596,0.1752924398648035,0.0509671872404118
AT1G30330-AT1G31350,0.139020523164831,0.2273271313157253,0.0704500550863064,0.141136166802672,0.2254552740196691,0.0704500550863064,0.109715422587581,0.2413610173136716,0.0704500550523869
AT1G51140-AT3G15570,0.577588716096298,0.1348931384186615,0.0404571824455836,0.460464287236227,0.1361404388799855,0.0404571824455836,0.317137932190327,0.1606292986721142,0.0404571824197156
AT5G37020-AT1G64000,0.202492990501659,0.0887441174024664,0.0106222168063028,0.201896865163704,0.0832963629499599,0.0106222168063028,0.233448916026603,0.0649263235784573,0.0106222168053425
AT2G36080-AT2G28710,0.335784363077507,0.1597265937211192,0.0046538518054133,0.393799966619909,0.1403112990801479,0.0046538518054133,0.457792222368258,0.1172911130951141,0.0046538518020865
AT1G04990-AT1G13930,0.9047078044414,0.1942528375769598,0.0045576648011093,0.86302297274988,0.1897043240792848,0.0045576648011093,0.71580883465377,0.1651667864541385,0.0045576648020777
AT4G36780-AT5G64840,1.0,0.1552429237537483,0.1892373180196858,1.0,0.1519455293696973,0.1892373180196858,0.851395192838581,0.2007163991279407,0.1892373180732317
AT1G04990-AT3G28910,0.218916422607523,0.1631587165809148,0.1085140380932593,0.25041503674102,0.1711425770175053,0.1085140380932593,0.200622853641042,0.1496066212295026,0.1085140381328177
AT1G58100-AT5G14200,0.202291674648542,0.1846723879799937,0.0512865177697514,0.151345081353761,0.1844694546517706,0.0512865177697514,0.317454271374172,0.1631568526661249,0.0512865177772313
AT1G04990-AT1G12240,0.356833342585199,0.1976069765956889,0.0478524757274384,0.413357071001685,0.1978989013524707,0.0478524757274384,0.375061424488146,0.1704985452527255,0.0478524757512362
AT5G37020-AT1G03170,0.438588731419499,0.0958431211189723,0.008883375860359,0.492478378051179,0.0827693531559103,0.008883375860359,0.491642663583927,0.0834467435037604,0.0088833758647776
AT2G36080-AT4G17090,0.385502500716232,0.1082563647168633,0.0005897161055082,0.379669943608059,0.1009679712693324,0.0005897161055082,0.203316236161817,0.0999542832837275,0.0005897161058895
AT4G36730-AT1G62030,0.500460986851834,0.1221248109947596,0.1082781340679595,0.493933699646049,0.1176556738766603,0.1082781340679595,0.598037504426294,0.1278273776034732,0.1082781340833295
AT4G36780-AT1G66920,0.280933092794717,0.2193505193319062,0.1633505479121871,0.382445379464998,0.2140952019157594,0.1633505479121871,0.461634587686103,0.2044444536074438,0.1633505479356752
AT4G36730-AT3G13040,0.273441537733992,0.1696733144542331,0.1523630245476956,0.317289613443898,0.172606241894166,0.1523630245476956,0.281246460093681,0.1893915011610941,0.1523630245327849
AT4G17230-AT4G31800,0.46146122788541,0.1700918326118275,0.0834748171644862,0.471235956224004,0.1873552011403275,0.0834748171644862,0.292285868659089,0.1827096162746912,0.0834748171558903
AT5G37020-AT4G26850,0.164793187529595,0.3290273453956197,0.3542067905056109,0.140215658744343,0.3218319547896217,0.3542067905056109,0.360413903289343,0.2924519984691294,0.3542067905360786
AT1G68640-AT1G51640,0.583883113488913,0.3066739951779571,0.2772843263535171,0.712235162085864,0.3139306715720386,0.2772843263535171,0.194491353528037,0.3372990099216637,0.2772843263568559
AT5G06110-AT3G51060,0.078548816258721,0.2156373941769258,0.0311374816597394,0.154640629090731,0.2184680538221819,0.0311374816597394,0.157526826056028,0.1924631450528677,0.031137481661269
AT2G36080-AT3G49930,0.275550190962435,0.2918485772942616,0.0024332150651964,0.242251671543188,0.2836034471295803,0.0024332150651964,0.294054890359606,0.2989325980470718,0.0024332150652681
AT4G17230-AT2G30040,0.297274873412952,0.2071847255191719,0.1027395955411927,0.280674380803188,0.2149650929189911,0.1027395955411927,0.215875854613659,0.2337486286302911,0.102739595535609
AT2G28450-AT3G07000,0.311326771341927,0.3770601027559551,0.1529908106591534,0.425071628041547,0.3734374594545797,0.1529908106591534,0.562573087496866,0.3380552861243105,0.1529908106443397
AT5G11260-AT5G01100,0.322339224651394,0.2829197466472057,0.1864963387454329,0.331651731143735,0.2896113809055221,0.1864963387454329,0.35374390438941,0.2881783434328633,0.1864963387437222
AT1G51140-AT3G23810,0.345012362911492,0.2593093874704441,0.1639343792068966,0.331807206711867,0.2749997899712535,0.1639343792068966,0.231854077580274,0.3124849084792671,0.1639343792357196
AT2G36080-AT1G64530,0.539887425397735,0.1962250389953782,0.1729973072196866,0.544510039745758,0.1873513015594248,0.1729973072196866,0.304085100903163,0.1772101750432355,0.1729973072352772
AT1G30330-AT2G38310,0.154085381291231,0.1858192810181552,0.0002542333513432,0.119441556738841,0.2018475016823704,0.0002542333513432,0.142466398403231,0.2044708084699897,0.0002542333513551
AT1G30330-AT3G46810,0.690352531785945,0.2701777427408605,0.284713913202586,0.626915183247426,0.2618936546233205,0.284713913202586,0.540922550740743,0.2735685538775537,0.2847139132682682
AT3G57920-AT4G21200,0.328632999113284,0.289573251387871,0.1654323177959814,0.349709444681952,0.2857553858968785,0.1654323177959814,0.201967388571464,0.2588553755629024,0.1654323178102159
AT3G57920-AT4G13340,0.29969002621216,0.2375515249419869,0.0340171323323559,0.325057950992701,0.2429432860391233,0.0340171323323559,0.213747388923041,0.2110235164132576,0.0340171323524015
AT1G68640-AT5G48250,0.0350610227450608,0.1883971805334253,0.0032517775492986,0.196119881524025,0.1885109579912796,0.0032517775492986,0.130135527157903,0.2151661036695195,0.0032517775495125
AT4G17230-AT4G24380,0.435504870638151,0.1942931862810256,0.0991390371314055,0.42008228928477,0.1983851159699407,0.0991390371314055,0.120996527628115,0.1896090540665725,0.0991390371168722
AT4G36780-AT4G15630,0.35616407999442,0.1298222866882123,0.0350356297436045,0.412974008968081,0.1300482334542637,0.0350356297436045,0.204088240758739,0.1262668830749108,0.0350356297114299
AT1G51140-AT1G01520,0.440580018255189,0.233280945709453,0.306206968064121,0.50998223601793,0.2386928963713937,0.306206968064121,0.529237052819495,0.2249689405050698,0.3062069680492185
AT2G36080-AT2G35270,0.2212794599604,0.3459010198290657,0.1691818788972045,0.269972587902311,0.346312595796704,0.1691818788972045,0.192541959718044,0.3156999339543088,0.1691818788834173
AT1G01260-AT3G50750,0.151243741806834,0.1343083020282408,0.0060918549502611,0.0672257644885514,0.1238232660858725,0.0060918549502611,0.407917163237416,0.1370406808832067,0.0060918549465036
AT1G30330-AT3G22830,0.174878548082982,0.2863494893787471,0.190939371355418,0.184053118534277,0.3012207293547092,0.190939371355418,0.177038382369721,0.2978693318643285,0.1909393713555794
AT5G37020-AT1G60270,0.11952047678234,0.1506939338169435,0.052451044721385,0.151199088282229,0.1488156791605914,0.052451044721385,0.171992024685935,0.1437311564655746,0.0524510447312808
AT1G04990-AT3G11020,0.397827234759413,0.1080081040114211,0.0473983030951264,0.436249214559089,0.0886199176560581,0.0473983030951264,0.272417849643145,0.1099799506896707,0.0473983030821978
AT5G37020-AT3G10040,0.144369988133501,0.1329699075790284,0.0226057079560296,0.157486891013376,0.1209668679267868,0.0226057079560296,0.157675981783242,0.0945442289818694,0.0226057079579126
AT5G11260-AT2G40140,0.253318855525226,0.3426795856022448,0.0977823676355141,0.309380607702172,0.3534162995531695,0.0977823676355141,0.272277872708178,0.3679141202185537,0.0977823676522972
AT4G17230-AT1G19510,0.371827265193677,0.1666229121762561,0.0244446739162169,0.411055497740554,0.1629790770955368,0.0244446739162169,0.249204586186416,0.1564795324380309,0.0244446738981489
AT1G30330-AT4G27310,0.408612531074774,0.2560499480915545,0.1925863780029794,0.285308448840093,0.2611533139503776,0.1925863780029794,0.257382710724173,0.2923227979913385,0.1925863780024811
AT4G17230-AT1G18300,0.40040288871302,0.2294973448245376,0.1740085343816622,0.429562812955961,0.2379192979234838,0.1740085343816622,0.678534789536109,0.2537467664232889,0.1740085341766905
AT1G04990-AT5G42410,0.497633228512161,0.1003909891551346,0.0163218818028444,0.545932167581462,0.1048267830935604,0.0163218818028444,0.345079675410589,0.1165634563180208,0.0163218818063989
AT4G36730-AT1G64500,0.21567313554862,0.161091406781972,0.0983146685472169,0.209354115975216,0.1703284792370535,0.0983146685472169,0.16803170334101,0.1743042967954334,0.0983146685819441
AT2G36080-AT2G42350,0.48227915367336,0.1485315991851762,0.0091400379147201,0.514861185102354,0.1462886512616198,0.0091400379147201,0.200622549685337,0.1343499289981248,0.0091400379113377
AT1G51140-AT5G17050,0.258384143296451,0.2420917640491424,0.1472405712499074,0.285901033582005,0.2585631088120635,0.1472405712499074,0.262497170813497,0.2776373736442776,0.147240571291589
AT5G37020-AT1G48100,0.200316021023683,0.1198373206079618,0.0498433021744928,0.224194365740032,0.1182422631398074,0.0498433021744928,0.173750528051486,0.0985428686201478,0.0498433021987588
AT5G37020-AT1G66330,0.195990688110066,0.162615762839327,0.0377266611135068,0.0768217690479212,0.1418779440811328,0.0377266611135068,0.582189579325044,0.1292186836135877,0.0377266611197483
AT1G51140-AT5G28510,0.243868946631871,0.2955539072291139,0.1173558251029782,0.290590204666331,0.3036297649392111,0.1173558251029782,0.338482751571383,0.3090912774271938,0.1173558249977381
AT4G36780-AT5G59730,0.199735880609315,0.2620867402904268,0.1500934023944538,0.248470032460424,0.2790742228695236,0.1500934023944538,0.21410269908406,0.2635821266933994,0.1500934023815004
AT1G04990-AT2G45680,0.288450638629064,0.2037688865065779,0.0259257212076556,0.368987107083599,0.1962813146388672,0.0259257212076556,0.245146409844903,0.2043686286486183,0.0259257212233141
AT1G04990-AT5G55770,0.680458170230063,0.1997926552308021,0.0817085609962711,0.717560573100444,0.1925228105713921,0.0817085609962711,0.282900533849352,0.2052982279693185,0.0817085609709184
AT4G36730-AT4G37760,0.24612454858789,0.1014902219587442,0.0107428188668442,0.318065491685046,0.0994823471558715,0.0107428188668442,0.668077219719919,0.1054437169633409,0.0107428188544449
AT4G36730-AT5G06980,0.19565160976428,0.1716742018610572,0.1194533718568395,0.176883844666568,0.1793778996495192,0.1194533718568395,0.144871634564563,0.1912417857449569,0.1194533718652616
AT2G28450-AT1G05805,0.553724264179452,0.1646840010337141,0.0184904828673584,0.711724662642774,0.1656254687484281,0.0184904828673584,0.208427816744194,0.1413079778198017,0.0184904828636462
AT2G36080-AT5G65683,0.215752177824638,0.2370083128683737,0.0786568228601593,0.234390910115738,0.230693722223237,0.0786568228601593,0.262095415753313,0.2281109674153313,0.0786568228764412
AT1G51140-AT2G28550,0.274844716235257,0.0942909135700409,0.0018609259616086,0.282562226662622,0.1025524112486738,0.0018609259616086,0.601028588978281,0.1545817050896859,0.0018609259602077
AT1G04990-AT1G51820,0.357295495008738,0.0865415870129579,0.0381539021950105,0.38142763762346,0.0802760501668747,0.0381539021950105,0.284665990949178,0.0705988477095688,0.0381539021547298
AT1G51140-AT1G75710,0.419227624133946,0.1599538140234618,0.0336585233867821,0.375437125292672,0.156025269221173,0.0336585233867821,0.252759790339533,0.1222950031048149,0.0336585233973823
AT4G36730-AT1G07160,0.227280150384664,0.0841016362013647,0.0504416067622258,0.277894904028459,0.0794310602819014,0.0504416067622258,0.227383788438602,0.0705886202924756,0.0504416067894057
AT5G37020-AT5G48560,0.199605783224833,0.2683623501693649,0.0553163963793771,0.183010705739534,0.2594072767885147,0.0553163963793771,0.128956975052842,0.2508622168388252,0.0553163963942939
AT2G36080-AT5G48540,0.440551107770214,0.1639523604899826,0.0043179527692027,0.395503939694697,0.1637484196011864,0.0043179527692027,0.522780535288815,0.1504361169461514,0.0043179527693561
AT5G37020-AT1G72500,0.465681066669345,0.1235680816468849,0.09609226659634,0.444243927605009,0.1083985495918104,0.09609226659634,0.572397850705486,0.1104227654734042,0.0960922666262763
AT1G30330-AT1G69810,0.405092269386695,0.1884073227812535,0.0160127012035073,0.413834488082933,0.2001441511145064,0.0160127012035073,0.464649407522665,0.2126681042185144,0.0160127012059723
AT5G37020-AT1G07128,0.158264775175422,0.2016569660209748,0.1195504480721195,0.193055102214293,0.207567262228836,0.1195504480721195,0.281246460093681,0.1536593783700663,0.119550448117733
AT4G36730-AT4G38860,0.308366078694042,0.1534463103479846,0.0619056033658737,0.361376496313285,0.1469808445473512,0.0619056033658737,0.198314844556696,0.1586534736994139,0.0619056033563472
AT5G37020-AT4G28110,0.149111216266629,0.1398775435328782,0.0721311807796277,0.174974841887426,0.1465723523481723,0.0721311807796277,0.182459975803913,0.1279083172525711,0.0721311807823968
AT2G36080-AT3G52450,0.344097083449777,0.2228759401210339,0.06481862269651,0.324856218077888,0.2205764639378103,0.06481862269651,0.264977421814303,0.2296027603999403,0.064818622726187
AT5G11260-AT3G11390,0.308874409174196,0.2368739264629505,0.0790686745811361,0.358766691755844,0.2332744061537991,0.0790686745811361,0.177336336516546,0.2244687774056304,0.0790686746001217
AT4G17230-AT3G61190,0.403128713631969,0.1823796310968697,0.0705069864682382,0.442119417147713,0.1914227984211739,0.0705069864682382,0.203776474054232,0.1589194343931133,0.0705069864916932
AT1G04990-AT5G36925,0.16282683614777,0.2102510729837929,0.2668260915793846,0.182601331978642,0.2158765644396896,0.2668260915793846,0.179480874061569,0.1858766133714665,0.2668260915527526
AT5G37020-AT2G24540,0.0535486426409891,0.3417456204866433,0.1281117332888821,0.0378338449520481,0.3353884532564977,0.1281117332888821,0.0756223290764077,0.323710956577067,0.1281117332320028
AT2G28450-AT1G30330,0.0,0.1268932787301954,0.028910471681064,0.467406495230009,0.1289999404729946,0.028910471681064,0.50550568570885,0.1397982062985971,0.028910471666217
AT4G17230-AT5G12340,0.254758885051543,0.2825964235946333,0.1070762027441154,0.262497617698,0.2878841801112611,0.1070762027441154,0.0372136291929588,0.3183725414060115,0.1070762027203522
AT4G36780-AT4G11660,0.634787079014273,0.1900926423388155,0.0375754420842728,0.52852368575181,0.181438167064281,0.0375754420842728,0.653323556803924,0.1503769148121975,0.0375754420549699
AT1G04990-AT1G26960,0.289386033264561,0.1220131085027385,0.0400244498199247,0.324708405748348,0.1237429942944973,0.0400244498199247,0.396366652524901,0.1019550701524419,0.0400244498283378
AT1G04990-AT5G15150,0.24788712420065,0.1576549336211601,0.0890044456712708,0.159513430511308,0.1563805380187987,0.0890044456712708,0.225795027597435,0.12428262835006,0.0890044456616753
AT5G37020-AT3G47500,0.288841079196627,0.1155372640925761,0.0597378071139055,0.327453305662665,0.1136356286186568,0.0597378071139055,0.441137524535981,0.0979453071338594,0.0597378071175554
AT4G36730-AT4G09750,0.23419693260011,0.158182439600371,0.0873334000335453,0.241828307155329,0.1562572777397134,0.0873334000335453,0.441137524535981,0.1800746269652144,0.0873334000373277
AT1G68640-AT2G47850,0.169274895291998,0.1767969789958801,0.0383298990981802,0.315736373010609,0.1780516269589843,0.0383298990981802,0.0936812593168034,0.1475941757660282,0.0383298990787574
AT4G36730-AT4G15248,0.743804945503174,0.1491172725439592,0.1577592685508308,0.787877626428387,0.1430954523074439,0.1577592685508308,0.521265177242539,0.1199251310504997,0.1577592685664045
AT1G68640-AT3G46640,0.0388721329070655,0.2484830246743614,0.0515162925629261,0.106067567198901,0.2589315653159364,0.0515162925629261,0.0323512799056582,0.2677530677816158,0.0515162925687049
AT4G17230-AT5G65300,0.379721911960156,0.2374060337691646,0.1256215918959229,0.401279129125553,0.2323514714187298,0.1256215918959229,0.539739805217594,0.256239861216668,0.1256215918717477
AT2G36080-AT4G31550,0.366602279251739,0.2196112378111154,0.1692186699850667,0.291130135811105,0.2171935988825938,0.1692186699850667,0.205690033502379,0.2117181938046652,0.1692186699802343
AT2G28450-AT3G46130,0.117730292895902,0.1409405689468561,0.2943913669628797,0.219252250765656,0.1411298212096048,0.2943913669628797,0.227970091907758,0.1266660378608665,0.2943913669579255
AT5G11260-AT4G03400,0.460208658965592,0.1532605402602471,0.0620682702208338,0.468475638680791,0.1494988932353254,0.0620682702208338,0.23803526293374,0.1109528512184266,0.0620682702258502
AT4G36730-AT2G25530,0.198801538124787,0.1171666599402334,0.1739824410595516,0.157081976857659,0.1118450489907059,0.1739824410595516,0.281246460093681,0.0934767484101356,0.1739824410278568
AT1G30330-AT5G44190,0.0904489440279225,0.2020687117503736,0.0072372984783555,0.0302648703744001,0.2097315560482636,0.0072372984783555,0.253246983434942,0.1910143330440442,0.0072372984752626
AT2G28450-AT1G08920,0.535312687377503,0.164390175325143,0.0246520578988736,0.724753018673753,0.1682435659451769,0.0246520578988736,0.202206129268518,0.1541826719262871,0.0246520579036567
AT1G51140-AT2G35075,0.501904979176454,0.125136701252831,0.0098274429695281,0.480313221499058,0.1264051997458384,0.0098274429695281,0.265860927412279,0.1367563989688253,0.0098274429703767
AT1G04990-AT5G64750,0.338775785479913,0.3093786859432784,0.1105978210288943,0.261397881202,0.2913912359165247,0.1105978210288943,0.247821949377897,0.3244066546358286,0.1105978210307409
AT4G36780-AT3G21890,0.175381082141025,0.1723779518215454,0.0023538453887505,0.229122384593373,0.1698744349333005,0.0023538453887505,0.224285567848688,0.2178867898119757,0.0023538453883883
AT1G04990-AT3G14810,0.129534497835364,0.1616179654895698,0.0086728764692553,0.164662168107931,0.1710548840630054,0.0086728764692553,0.115013938228852,0.1740433976216331,0.0086728764712326
AT3G57920-AT1G50040,0.640700519407333,0.1242105185248085,0.0679047259420157,0.648041873177014,0.133453241634883,0.0679047259420157,0.856808155896459,0.1277657229444244,0.0679047259627454
AT4G36780-AT2G46830,0.137627186437193,0.1855740983543812,0.0030974123668881,0.185774854112562,0.1810459451944884,0.0030974123668881,0.240741405051527,0.1914458619592648,0.0030974123675569
AT1G30330-AT5G24230,0.831933197848764,0.2336570719863708,0.1981795061815975,0.759790139574056,0.2286190160178534,0.1981795061815975,0.546092376943559,0.2095223296457235,0.1981795061977786
AT1G04990-AT2G39420,0.222553073755345,0.1472345583749143,0.0376048605658445,0.182096108078734,0.1424569258108816,0.0376048605658445,0.269272118621221,0.1703955746458372,0.0376048605770248
AT5G11260-AT4G27657,0.273091954180045,0.2226072074422798,0.0639399427769205,0.284784832573828,0.2284758558561017,0.0639399427769205,0.0283063236387002,0.1919043239162828,0.0639399427939094
AT3G57920-AT1G27730,0.308849653394937,0.3414056384352434,0.5323496938940541,0.344841363340112,0.3225357313962732,0.5323496938940541,0.256112166383644,0.3454853367232479,0.532349693933257
AT1G51140-AT4G24020,0.281110453455393,0.1710289778222638,0.0363482946950952,0.284951039014748,0.1759559180168025,0.0363482946950952,0.508941210551972,0.1751317624966784,0.036348294675915
AT4G36730-AT5G24850,0.285244946713948,0.116834656056126,0.1465334048749717,0.310743712960847,0.104608024889341,0.1465334048749717,0.706898287199009,0.0879117242053631,0.1465334049042794
AT3G57920-AT5G24590,0.308677129897862,0.2335332228636885,0.0797009905461762,0.334194910778193,0.242618047583689,0.0797009905461762,0.143233464305146,0.2656940106583705,0.07970099054572
AT1G51140-AT5G23730,0.592968185092484,0.1595404103404709,0.0352258888695378,0.469595838616049,0.1682991147728683,0.0352258888695378,0.6528467263684,0.133217135429081,0.0352258888641439
AT1G30330-AT1G09540,0.232025526476999,0.4350842509130382,0.2413067981812328,0.265864236189183,0.4480901993348924,0.2413067981812328,0.118998901037506,0.4911683446634639,0.2413067981140337
AT2G28450-AT3G17690,0.538094949960099,0.1410032334259543,0.0794818857260071,0.632741289969414,0.1405479728356624,0.0794818857260071,0.621205071161615,0.1165540075751924,0.0794818857621414
AT3G57920-AT5G67300,0.245838273846647,0.2464154485197461,0.0380805174417002,0.288735176588825,0.2557610806719819,0.0380805174417002,0.0600798609558192,0.3097854570974795,0.0380805174405298
AT5G37020-AT3G21670,0.170631458619151,0.1592507371752348,0.1182957535094833,0.181426104238627,0.1577084334087821,0.1182957535094833,0.159556632425758,0.1325810151733039,0.1182957534939775
AT5G37020-AT1G22680,0.280776937246445,0.0964839878739936,0.0178009082174218,0.320637553827853,0.0981771668392779,0.0178009082174218,0.217700266302308,0.0684647476015206,0.0178009082135131
AT5G37020-AT5G05440,0.135383531210075,0.120588667301249,0.0451072097995258,0.189578984587498,0.1218110848685655,0.0451072097995258,0.0192960408982623,0.1032220980725635,0.045107209800279
AT4G36730-AT2G35660,0.19621550464552,0.2794175089178999,0.5269010972257644,0.262660175381421,0.2949861374272358,0.5269010972257644,0.116268299591037,0.346381360376526,0.5269010972503799
AT2G36080-AT5G65310,0.382079230347353,0.2172826447564892,0.1535218807309654,0.354386127726591,0.2198693014668136,0.1535218807309654,0.254847787986406,0.1971065979264595,0.1535218807519678
AT2G28450-AT1G79310,0.373248671620815,0.1606387431042083,0.0286169361907506,0.452963859125247,0.1587291892220532,0.0286169361907506,0.292330944093912,0.1544125041749808,0.0286169362003865
AT2G36080-AT5G22090,0.297664583236441,0.2878457566726026,0.0007235864242979,0.264849150462503,0.2749251372089916,0.0007235864242979,0.230613255467779,0.2971737294269951,0.0007235864243247
AT4G36780-AT1G02030,0.604262724912459,0.1716515264606403,0.0440009053475922,0.642634730587127,0.1719737255505202,0.0440009053475922,0.601028588978281,0.1941833242990069,0.0440009053436246
AT1G51140-AT4G33070,0.317493059306031,0.2170764241371793,0.122744078554094,0.373018589671633,0.21632958582772,0.122744078554094,0.242798373274789,0.1762852688139373,0.1227440784581786
AT4G17230-AT4G35660,0.616724975670702,0.2150275586739179,0.0914191995599136,0.524189264988227,0.2114725559197313,0.0914191995599136,0.537743338579891,0.2153814762085192,0.0914191995794931
AT1G30330-AT5G62430,0.271145603388414,0.1213762474283347,0.0102405646911659,0.311565803921372,0.1356043889343517,0.0102405646911659,0.438792242798692,0.1549804669281077,0.0102405646943282
AT1G04990-AT2G39415,1.0,0.2989904295663618,0.1294545995383482,1.0,0.2758863580019425,0.1294545995383482,0.560797074894037,0.3172869188919348,0.1294545995459977
AT4G36780-AT4G36730,0.234637755296843,0.1765657977622743,0.0217305144895167,0.261829574430791,0.1599303835883373,0.0217305144895167,0.175053991826541,0.1385626107034465,0.0217305144786871
AT1G01260-AT1G70920,0.19721020076075,0.1298798230158044,0.1046449847642546,0.179715139334765,0.1259840271381342,0.1046449847642546,0.232813492345216,0.1282149796420107,0.1046449847366776
AT5G11260-AT1G02810,0.360931398574863,0.2235851687188967,0.056474462767452,0.396920291380891,0.2176560093921143,0.056474462767452,0.240201734456866,0.2306863535418675,0.0564744627832222
AT1G51140-AT2G34710,0.402965712878768,0.1691567529103454,0.041718565434405,0.332806624641929,0.173543205133055,0.041718565434405,0.344035850976009,0.1948913223627843,0.0417185654028538
AT1G58100-AT3G48920,0.561951050396384,0.1256677414660119,0.0495304715028012,0.509393838947402,0.1356116070130797,0.0495304715028012,0.302810976768327,0.1319384913946563,0.0495304715264972
AT3G57920-AT3G50930,0.879630613815651,0.2120493243100544,0.0419330440143112,0.927988047268276,0.2121064959115377,0.0419330440143112,0.764899558219867,0.1935947315150497,0.0419330440114712
AT4G36730-AT5G54470,0.241560645554516,0.1305454461499768,0.0002188771580982,0.221237894468206,0.1333988786672194,0.0002188771580982,0.281246460093681,0.1476452495126809,0.0002188771581731
AT3G57920-AT2G35710,0.213971137926761,0.4142531038924967,0.1256184656842,0.162687113542585,0.4138301281446155,0.1256184656842,0.15796060146418,0.4188285117718529,0.1256184655764461
AT1G04990-AT2G27660,0.609265676073832,0.1826820357435815,0.0276276125585496,0.56575439041837,0.1927159962595606,0.0276276125585496,0.290214534342174,0.1713018050969961,0.0276276125484509
AT1G01260-AT1G67265,0.46375217368526,0.197711370950516,0.064344933578926,0.246288942661816,0.1972805471717154,0.064344933578926,0.627988952019623,0.2131188449240646,0.0643449334734238
AT5G37020-AT1G10480,0.368225192986629,0.1859883623613258,0.143226287867095,0.501065422182183,0.1814058833654766,0.143226287867095,0.366312415227435,0.1827392021847534,0.1432262878690146
AT3G57920-AT5G51190,0.435094804857689,0.1421649116046146,0.0728962169294084,0.390902152233531,0.1427555455350805,0.0728962169294084,0.213904624827792,0.1556974884027433,0.0728962169343861
AT1G51140-AT3G05936,0.211706731366225,0.1873825692116914,0.1951547586456573,0.221632481899262,0.1892920066679515,0.1951547586456573,0.124622469227177,0.2246234093619772,0.1951547585678952
AT5G06110-AT3G18010,0.0512513633062519,0.1237601879709071,5.796249046516241e-05,0.149306304329544,0.1059791136702328,5.796249046516241e-05,0.278152710132289,0.0975113946121139,5.796249047091955e-05
AT1G04990-AT5G54960,0.321937867822306,0.1139550141216282,0.0512139747807932,0.349544004647435,0.1139253236580638,0.0512139747807932,0.341218792584373,0.0962124304664833,0.0512139747643423
AT2G28450-AT5G18030,0.203213088249258,0.1826723826662216,0.1089225421225774,0.273874627177746,0.1834530267401238,0.1089225421225774,0.365247242529581,0.1934566824375931,0.1089225421144841
AT4G36730-AT5G15850,0.294951446724667,0.1465887362536609,0.0067590300293656,0.288358077458361,0.1407337818965548,0.0067590300293656,0.396794239019593,0.165315430615065,0.0067590300087129
AT4G17230-AT2G22500,0.387374257247668,0.1177001380252471,0.1451361339891923,0.395865206875767,0.1225906571772017,0.1451361339891923,0.257853766338658,0.1026351835545771,0.1451361340115383
AT5G37020-AT5G39890,0.0923709446813348,0.2959856767912942,0.1019147018139115,0.0951651968823962,0.2835454176612387,0.1019147018139115,0.108994056392233,0.2502502914853001,0.1019147017791925
AT5G37020-AT2G38240,0.254718964794635,0.0988900693996883,0.0149870886244909,0.220615410931382,0.0928464644048067,0.0149870886244909,0.177305511915764,0.0645774174829496,0.0149870886254022
AT2G36080-AT3G27510,0.267377853482333,0.305751882507867,0.0214801654004874,0.26536875195016,0.3187368231014418,0.0214801654004874,0.126712403196015,0.3211800141674903,0.0214801653946138
AT5G37020-AT4G33660,0.317621543834164,0.1348140275620061,0.0161252400208993,0.381236868664909,0.1303499791620053,0.0161252400208993,0.231098736217968,0.1213531381897479,0.0161252400297687
AT5G11260-AT2G25460,0.418451162299512,0.0850300194227945,0.0024573351348555,0.342990668190393,0.0753257059617977,0.0024573351348555,0.193512562611038,0.0481370472289011,0.0024573351343474
AT5G37020-AT5G04340,0.278854681021546,0.1048498534495497,0.0146036085402013,0.270713625812129,0.1078806101386852,0.0146036085402013,0.538789380530841,0.1074048060433913,0.0146036085420438
AT4G17230-AT1G30135,0.385198955579331,0.1412129407772452,0.218792789044029,0.378931126342196,0.1486904747095721,0.218792789044029,0.177587138081546,0.1432665677750555,0.218792789091742
AT5G37020-AT3G02550,0.165280275460121,0.1445002347840692,0.08960030831317,0.145840985717537,0.1443660991661404,0.08960030831317,0.234849165202611,0.1193616200189668,0.0896003083031753
AT4G36730-AT5G39660,0.170124389835326,0.2726326646883549,0.2029023360832344,0.22050541007454,0.2842215171593913,0.2029023360832344,0.163142067831131,0.33679969532164,0.2029023360846037
AT1G04990-AT1G07620,0.292124765511533,0.1948085077124083,0.191316796547898,0.168588537978868,0.2091760414738869,0.191316796547898,0.230007843098167,0.2060976974340878,0.1913167965393688
AT4G17230-AT5G11260,0.329376080914292,0.1597919687359389,0.004051413200133,0.344610259030895,0.1512919702999956,0.004051413200133,0.194987437543355,0.1819924402540019,0.0040514132014251
AT1G51140-AT5G02270,0.278469911517503,0.1783343945340468,0.1388414799197672,0.225713898943471,0.183417960791042,0.1388414799197672,0.298725954610938,0.1870868847968296,0.138841479992487
AT4G36780-AT5G03555,0.157541985569215,0.18897666729614,0.0801527610973816,0.223841659008011,0.2019420166418568,0.0801527610973816,0.0514750249302583,0.1844840767737593,0.080152761099117
AT2G36080-AT4G21680,0.337786089969817,0.1599951630420276,0.0396207310571322,0.434953575102394,0.1414204374416106,0.0396207310571322,0.476156996450999,0.1340617408608201,0.0396207310596531
AT3G57920-AT5G58750,0.567785408419282,0.2680540400536607,0.014446170590996,0.609487787020975,0.275235807742138,0.014446170590996,0.34253726912405,0.2564921319305928,0.0144461705978368
AT1G51140-AT1G26790,0.309491131202627,0.2893380705987581,0.3348745682289906,0.299617307245891,0.2858692990545015,0.3348745682289906,0.237722810867497,0.255270847101592,0.3348745682917316
AT2G36080-AT1G43160,0.333268513740996,0.3363453460268267,0.1737005872485585,0.298474371076438,0.3183573954321294,0.1737005872485585,0.154180435118594,0.356543563581816,0.1737005872485035
AT5G37020-AT1G71692,0.306707810017209,0.1551798111524022,0.0553261175945294,0.348031456489624,0.1450391819989279,0.0553261175945294,0.320819562050295,0.1118894929647386,0.0553261176161435
AT1G04990-AT2G19650,0.154435515581275,0.4049428718786055,0.3803563461516894,0.146882234988443,0.3878902626844226,0.3803563461516894,0.173583525269366,0.4408471140093419,0.3803563461544806
AT2G28450-AT4G36870,0.416551581124857,0.1746413840304433,0.0263146943334473,0.435205079315076,0.1761034209195017,0.0263146943334473,0.505658270192069,0.1600144991404568,0.0263146943285725
AT3G57920-AT5G15130,0.35551335320628,0.1643609508730796,0.0131455414213293,0.381004988318481,0.165253804155768,0.0131455414213293,0.253227323469774,0.1695878282549657,0.0131455414271757
AT3G57920-AT4G27652,0.353624932021097,0.1555671932029982,0.083831976651159,0.350324822740206,0.1515774823177016,0.083831976651159,0.214869828387639,0.1696731201058474,0.0838319766605514
AT1G43700-AT1G19670,1.0,0.131223723115822,0.0105982331384075,1.0,0.1253464057359458,0.0105982331384075,0.759597791030446,0.1697275126779718,0.0105982331402463
AT1G01260-AT4G15396,0.0,0.1917486857259051,0.1197088527016182,0.0738087928972927,0.1907910092642399,0.1197088527016182,0.185452676549068,0.1734636481484987,0.119708852604664
AT2G36080-AT1G69570,0.438474746876669,0.1981320761221353,0.1425435593118193,0.432835111088348,0.2030113960820628,0.1425435593118193,0.320439929760692,0.1995759593154595,0.1425435593327728
AT2G36080-AT5G54040,0.460874542308858,0.1887182894006041,0.0065878367717794,0.449513012094554,0.1884649808500597,0.0065878367717794,0.324677010955326,0.2017871196928614,0.0065878367684261
AT5G37020-AT5G67110,0.0830688250068728,0.2912714889489562,0.188906458288667,0.151665741808036,0.2937020366765949,0.188906458288667,0.412587661533821,0.2687640020424772,0.1889064583461912
AT4G36780-AT4G26150,0.656433779907887,0.1696794946475081,0.0176421030732427,0.662653089141026,0.1648350920650801,0.0176421030732427,0.692176743126747,0.1656165336413085,0.0176421030684704
AT1G01260-AT4G35580,0.114977478771348,0.1414155236221441,0.0316907498015884,0.115089946257211,0.135666946034368,0.0316907498015884,0.145854701466236,0.1066511184145551,0.0316907497340057
AT4G17230-AT4G01120,0.351402927213128,0.1604791030879613,0.0607477739942098,0.378469220053621,0.1647286591242704,0.0607477739942098,0.311217949489334,0.1798691022100804,0.060747773978809
AT4G36730-AT2G36800,0.227939297978615,0.1638681683987147,0.1674754634173968,0.239827681378329,0.1665320355805885,0.1674754634173968,0.259289020674706,0.138302506623842,0.1674754634549245
AT4G17230-AT3G16860,0.350817280046599,0.1788971848792921,0.1317532717334374,0.306046891494252,0.1776239883296179,0.1317532717334374,0.106291459806447,0.1947329361613253,0.1317532716821987
AT5G37020-AT2G29450,0.178408673228845,0.1277320138326349,0.0252103639104089,0.14079914910898,0.1252542773936506,0.0252103639104089,0.236825513924002,0.1053266997226928,0.0252103639062004
AT5G37020-AT5G20070,0.232030441388171,0.252419377239927,0.1851712705129045,0.150204516482554,0.2430814701993563,0.1851712705129045,0.333726653775317,0.2200074050589167,0.1851712705512452
AT5G37020-AT1G72360,0.298115571559942,0.0666195250152729,0.0009613447937491,0.274540623812245,0.0623746853852653,0.0009613447937491,0.162862412834121,0.0639228788538996,0.0009613447916672
AT2G36080-AT4G32810,0.208490159264914,0.3073875141403389,0.2484314342880224,0.134229996395107,0.2913959166613367,0.2484314342880224,0.250430379881222,0.3216958903916079,0.2484314342880871
AT4G17230-AT2G37430,0.532278159307233,0.2021330854061653,0.0024083848864585,0.495112737622307,0.2195213864829866,0.0024083848864585,0.640692606679263,0.1886337714485675,0.0024083848858309
AT1G30330-AT1G48500,0.489189144486269,0.0921626676957644,0.0001145556423915,0.48600731663151,0.0836079288936213,0.0001145556423915,0.27877441970004,0.0937794581595954,0.0001145556423798
AT2G36080-AT3G04060,0.410008137022016,0.3667055728364772,0.2840793521421055,0.34814880808375,0.3520679969653326,0.2840793521421055,0.0851527992546052,0.3394235032251578,0.2840793521420494
AT1G51140-AT3G07195,0.323825387281004,0.2235868081519378,0.1090964496852057,0.289912964100779,0.2356031953907579,0.1090964496852057,0.324290514467338,0.2200892093168732,0.1090964496850645
AT5G11260-AT4G08040,0.244212054155596,0.2213657864787654,0.0987701528846397,0.235854887248059,0.2236777829206668,0.0987701528846397,0.270059377882774,0.2660678471605771,0.0987701528789078
AT5G37020-AT4G21340,0.314546095149788,0.1611965177085409,0.0853025244603966,0.275464123343618,0.1595118726450405,0.0853025244603966,0.212132793053752,0.1643555769773523,0.0853025244174845
AT2G28450-AT4G31940,0.264847087987213,0.1335884986763497,0.0171117018635866,0.382946644793786,0.139764352143003,0.0171117018635866,0.23141078341408,0.1446255971139924,0.0171117018674294
AT1G30330-AT5G46780,0.618326682632513,0.1342248838443047,0.0019404504329255,0.564967516895307,0.1201669512155295,0.0019404504329255,0.449309440948838,0.1426775816806875,0.0019404504327405
AT2G36080-AT3G21150,0.259375189474564,0.2496857283502329,0.0733346123074814,0.289219977056527,0.2460873095760434,0.0733346123074814,0.240401187275008,0.2422708173297726,0.0733346123251729
AT3G57920-AT4G24570,0.794793229101883,0.2952725322304619,0.1970631494738883,0.811636434426173,0.2925133055061592,0.1970631494738883,0.813554990909955,0.3092133328681253,0.1970631494763202
AT2G36080-AT1G18830,0.397131126593314,0.3449682957887644,0.4643647906684907,0.358847009254739,0.3408511002029805,0.4643647906684907,0.232436471257283,0.3068361616384458,0.4643647906557119
AT2G28450-AT3G05770,0.175173073172005,0.1471501838004099,0.1005206485772993,0.274952732386742,0.1507877821528672,0.1005206485772993,0.0946262283103879,0.1274471593372141,0.1005206486210349
AT1G30330-AT1G51800,0.540083596744451,0.3379740223523065,0.1472828136984871,0.486049664518628,0.34037397658139,0.1472828136984871,0.290214534342174,0.3521439465234452,0.1472828137267811
AT4G17230-AT1G09950,0.290553689658042,0.257040730790707,0.1600819426214357,0.232665788546843,0.2604577820385546,0.1600819426214357,0.192080502253556,0.2771716467473659,0.1600819426217603
AT5G11260-AT1G61840,0.250704373726501,0.1864095460234773,0.0030222208137934,0.222695854523907,0.169605627929,0.0030222208137934,0.133579033492299,0.1793689014819351,0.0030222208137752
AT1G51140-AT2G16660,0.589000034855711,0.2517677467361504,0.0661442786270884,0.626624291042662,0.2498817006383145,0.0661442786270884,0.268787796447197,0.2627011225227125,0.066144278633094
AT4G36730-AT1G06040,0.174816308688757,0.1677989395487635,0.0094612913101648,0.233300699621647,0.1733257549222578,0.0094612913101648,0.281246460093681,0.216269932456761,0.0094612913030428
AT1G30330-AT2G36080,0.196815010479372,0.1123880950452604,0.0073580542394184,0.223360455895834,0.1300510037378751,0.0073580542394184,0.13532545496061,0.1563747066359615,0.0073580542368456
AT2G36080-AT1G15640,0.308538076029974,0.4293243878589168,0.0756294816630454,0.279437691608889,0.4405622973155993,0.0756294816630454,0.239715689201108,0.4284318222493057,0.075629481679878
AT1G30330-AT1G22570,0.27192694433583,0.1333573058347345,0.0974806126924604,0.195719818405065,0.1343893285913719,0.0974806126924604,0.190612031206035,0.1173842094565998,0.0974806127002381
AT1G04990-AT3G10815,0.213597717328378,0.1583348996061644,0.0678516890807401,0.188847167186264,0.1489047036769397,0.0678516890807401,0.180328602069599,0.1546995249839567,0.0678516890769511
AT1G51140-AT5G14730,0.37292867139847,0.1857219860206866,0.0134444790463619,0.355186951688933,0.1943331745511488,0.0134444790463619,0.361006395013275,0.1636456532954122,0.0134444790390544
AT1G68640-AT1G01580,0.692777023866878,0.137098401969311,0.0384838201905026,0.900908814554131,0.1334122899649195,0.0384838201905026,0.655491948975288,0.1375180390885751,0.0384838201941612
AT4G36780-AT1G10120,0.323239704743281,0.0690714053486937,0.0088358228718797,0.310514646105731,0.0736334680149549,0.0088358228718797,0.441137524535981,0.0751539775944787,0.0088358228695627
AT1G04990-AT5G25810,0.0,0.2992525565761896,0.1684238523412648,0.0,0.2733142009095688,0.1684238523412648,0.0260987265605929,0.277108914740211,0.1684238523083424
AT3G57920-AT4G25470,0.270431153606254,0.2471232304287236,0.1683898962214231,0.337296959502115,0.2585581441748338,0.1683898962214231,0.264626861175844,0.2475290233197637,0.1683898962726677
AT4G36780-AT4G24700,0.644521581067078,0.1840314730938957,0.2133537498854152,0.635459333327863,0.1796852113646385,0.2133537498854152,0.444707600096058,0.2020626324868225,0.2133537499486093
AT2G28450-AT3G15500,0.323326663533828,0.190424033552194,0.0333098279234116,0.513818545054184,0.1859171622420322,0.0333098279234116,0.562573087496866,0.2168216534851538,0.033309827940763
AT1G30330-AT1G06002,0.257710394971069,0.1328334812797084,0.0454327304947088,0.248431505229585,0.1413515385155734,0.0454327304947088,0.307585453226721,0.1862354816232534,0.045432730493331
AT4G17230-AT5G62520,0.392207839930021,0.2847498092220629,0.0693070709184302,0.352735048861605,0.2687824635590312,0.0693070709184302,0.268478157190749,0.2728920471777065,0.0693070709282662
AT1G51140-AT1G23010,0.552095279239514,0.1933755393867561,0.0150245415048904,0.656349141528382,0.2020051510399573,0.0150245415048904,0.281246460093681,0.2120832655100817,0.0150245415015555
AT5G37020-AT4G16690,0.185532649900755,0.1038172372155758,0.0940827665300457,0.149896738781471,0.1002777154066374,0.0940827665300457,0.154448651221863,0.0867531000930252,0.0940827665358507
AT1G30330-AT1G30040,0.241131486488433,0.1367293238184938,0.038995824797647,0.143375408067666,0.1612179114534275,0.038995824797647,0.408238172767801,0.17886633969148,0.0389958248070633
AT5G37020-AT1G13740,0.163670572230539,0.2435949397059443,0.102697990999633,0.201458907134275,0.2452572243336285,0.102697990999633,0.254545263293011,0.2455218200484884,0.1026979910213498
AT1G30330-AT5G49330,0.376926990278939,0.2039676224228739,0.0005625872097631,0.292222268586557,0.1953423278933989,0.0005625872097631,0.36194033328587,0.2311030586068018,0.0005625872096677
AT1G30330-AT2G36090,0.544756206142513,0.2347145810779257,0.0034467250715529,0.629151945628305,0.2179612765972912,0.0034467250715529,0.179815991875835,0.2416246018447762,0.0034467250724717
AT1G30330-AT3G44860,0.275377173152401,0.139870131263396,0.0003366429517154,0.222331184068659,0.1416385815853796,0.0003366429517154,0.211579565069255,0.1117441620934068,0.0003366429516808
AT4G36780-AT4G01540,0.376528321635019,0.0846725668385334,0.046817530937191,0.449856707587075,0.0803485981560387,0.046817530937191,0.221313428527574,0.1178170509774908,0.046817530948405
AT4G36780-AT5G11920,0.125269678057078,0.1502402661278871,0.0565463178382056,0.171772991377364,0.151864768771286,0.0565463178382056,0.390770071651341,0.1725003010114357,0.0565463178443911
AT1G30330-AT1G45249,0.164653280316285,0.2522599660859748,0.1026275411224312,0.144777293282116,0.2614082596012789,0.1026275411224312,0.158820396868929,0.2786858893267891,0.1026275411118863
AT4G36730-AT5G58770,0.594668841198719,0.159360455105666,0.0400982856849239,0.554989855697759,0.1550143235155661,0.0400982856849239,0.755478376012255,0.176298960353903,0.0400982856933386
AT5G37020-AT5G52250,0.225319710564032,0.0888555907887804,0.0309088186794665,0.22901023920549,0.086749835647867,0.0309088186794665,0.181410315521544,0.0810552557633497,0.0309088186685909
AT1G58100-AT5G50335,0.440860132082258,0.113978980775696,0.1043600582421041,0.228749077818066,0.1196861334270354,0.1043600582421041,0.445415322864677,0.1234452018116661,0.1043600583042524
AT4G36730-AT2G39200,0.57150682417935,0.1939111200492717,0.268095777871513,0.583927525672009,0.2029171882431168,0.268095777871513,0.560517030269851,0.253674283481239,0.2680957779070033
AT5G37020-AT5G61590,0.257246848672811,0.0658656788159512,0.0157542015889966,0.317749242180152,0.0643071939464227,0.0157542015889966,0.204870859351952,0.0526521879314497,0.0157542015945031
AT5G11260-AT3G45530,0.27041216955262,0.271233675760227,0.0151334147054942,0.332288583068511,0.2637019771776289,0.0151334147054942,0.34253726912405,0.2566236576712707,0.0151334146944095
AT5G37020-AT3G23530,0.168017074395961,0.2563735957291317,0.1382866693645403,0.193290150217743,0.2428849083017843,0.1382866693645403,0.284016114166106,0.2242912991392678,0.1382866693363425
AT5G37020-AT4G28290,0.201611236061769,0.0763472776774712,0.002209031817649,0.2142787373122,0.0692551679220465,0.002209031817649,0.0692980914571461,0.0517039592780136,0.0022090318175776
AT1G30330-AT5G21120,0.214027212224294,0.1411363877201603,0.0494596306019866,0.28392443129517,0.1573567865533469,0.0494596306019866,0.239662853487758,0.174958058714062,0.0494596306192981
AT2G28450-AT1G17750,0.511353790369224,0.1828536762918342,0.02891212842618,0.717022432613924,0.194436818029144,0.02891212842618,0.270058415402987,0.1674662377120971,0.0289121284356208
AT1G51140-AT5G47740,0.452961879340699,0.1836170940614796,0.0854299383465338,0.477352081680275,0.1881472243582236,0.0854299383465338,0.405631201100457,0.1964262713118817,0.0854299382881996
AT2G36080-AT4G10265,0.172751664012067,0.4377206139344023,0.2859594678921265,0.185818551895921,0.4161063571541325,0.2859594678921265,0.31423002474052,0.4218213564791092,0.2859594679030601
AT1G30330-AT3G13760,0.766095400437858,0.2064196367856244,0.162623577435992,0.7356435856242,0.192397571605049,0.162623577435992,0.423408991131938,0.1861014075797442,0.1626235774795658
AT2G36080-AT5G03890,0.26571793181308,0.3956721650137246,0.3882257971783613,0.223222764384929,0.3695610930939566,0.3882257971783613,0.384075821911545,0.3742946684099796,0.3882257971824933
AT1G30330-AT3G11402,0.421321307294257,0.1359677649278841,0.015671700694745,0.474003002193082,0.1466558999627829,0.015671700694745,0.405781084007708,0.1600857238546671,0.0156717006900793
AT1G30330-AT5G08130,0.234965893378533,0.1803845887119262,0.0178458227486199,0.240819903051816,0.1807143216784019,0.0178458227486199,0.265489192230803,0.1803992201500463,0.0178458227358841
AT1G04990-AT5G64850,0.711382804068154,0.2595556963705689,0.0265894695677769,0.779034837779836,0.2705295540113246,0.0265894695677769,0.651409004420516,0.2664071106432917,0.0265894695756664
AT2G36080-AT2G31730,0.290405069742397,0.4363986958136834,0.034963618526651,0.263321355503458,0.4275033935534252,0.034963618526651,0.238542464602751,0.4378364013851503,0.0349636185223937
AT4G36780-AT1G13670,0.239752113689827,0.1311527046560698,0.0941777344629101,0.271160753364509,0.1359747218974771,0.0941777344629101,0.336976819666814,0.1906934371267915,0.0941777344138237
AT4G36780-AT4G24110,0.208192053989343,0.2590265629672561,0.1960088832129057,0.23910946232886,0.278901278260169,0.1960088832129057,0.0783161352563684,0.2844367697350813,0.1960088832165586
AT2G28450-AT3G53232,0.394809623115081,0.2044332688445015,0.0694122257321253,0.618551797783625,0.2002185555212093,0.0694122257321253,0.477398020294092,0.1817747453916019,0.0694122257589901
AT4G36730-AT1G42550,0.234917909711386,0.1577794172038586,0.1995289167304179,0.24609242359836,0.1633242903487845,0.1995289167304179,0.66770487055803,0.214930062903571,0.199528916824475
AT4G36730-AT5G16540,0.415726978949269,0.2405954946561802,0.2147993964325914,0.493551767331243,0.2455851178059264,0.2147993964325914,0.350639236446887,0.3004249466215118,0.2147993964351192
AT5G37020-AT3G56260,0.0979379180162299,0.1799804505597066,0.0750147436886445,0.174634960518069,0.1819542469616689,0.0750147436886445,0.168043325900283,0.1695863505508771,0.07501474370371
AT4G17230-AT3G25655,0.718064550488759,0.3320102841106497,0.1245153774109693,0.775028486816963,0.3466271685869877,0.1245153774109693,0.586595398451568,0.3589131122455787,0.1245153773365988
AT4G17230-AT1G19380,0.498329883739919,0.2898110574803149,0.120542483329603,0.420647758351298,0.2908455983501696,0.120542483329603,0.652313467838078,0.2798566651912638,0.1205424832202063
AT4G36730-AT2G38210,0.304001454963623,0.1336392800802617,0.1239522532336345,0.281476472072746,0.126505589225145,0.1239522532336345,0.281246460093681,0.1195901431186027,0.1239522532521448
AT5G37020-AT4G00050,0.269248326886025,0.2496483658459556,0.24491893677894,0.280914075796433,0.259113409503599,0.24491893677894,0.21041070154691,0.2012669794507491,0.2449189368771325
AT5G37020-AT4G01250,0.0741850613279933,0.3227842367526541,0.2145741139262384,0.0169637142221913,0.3051546793094985,0.2145741139262384,0.0879106963342664,0.3009779533760371,0.2145741139255344
AT5G37020-AT5G14340,0.144491917865679,0.1680605395951967,0.1877744678226672,0.197240108577584,0.1718838741361581,0.1877744678226672,0.147496465465986,0.1468200651337012,0.1877744678929761
AT4G36780-AT4G38960,0.235539437926364,0.1522305071169918,0.0001703481779888,0.21491102849166,0.1571503376368677,0.0001703481779888,0.101388748996233,0.1798824288852892,0.0001703481780151
AT1G51140-AT3G15354,0.410217254823903,0.376979099607399,0.2656654420260744,0.407144641125206,0.3879045577753106,0.2656654420260744,0.592617996261505,0.343064812561807,0.2656654419553674
AT5G37020-AT5G47000,0.154725558178873,0.0699280136018802,0.0106875290309711,0.179170658760939,0.0682626658874146,0.0106875290309711,0.228527249043539,0.0530539496241835,0.0106875290328446
AT1G68640-AT1G69930,0.230919068206717,0.1265755049282304,0.0441867604488939,0.227331303097187,0.123713380762791,0.0441867604488939,0.33043951973418,0.1034223098203456,0.044186760447103
AT4G36730-AT3G59060,0.285824738316559,0.1694918125200741,0.1224541334949311,0.309209849028268,0.173460542628602,0.1224541334949311,0.441137524535981,0.1939813296773817,0.122454133558893
AT5G37020-AT4G39070,0.265930608588628,0.1077952220569869,0.0089195522775336,0.276385584795741,0.1010923173584467,0.0089195522775336,0.200955961557401,0.0843127441298817,0.0089195522782081
AT5G37020-AT5G02840,0.278782591822698,0.0674140514231864,0.0024248179481364,0.32384769563337,0.0658000615796314,0.0024248179481364,0.441137524535981,0.0536195527848721,0.0024248179483944
AT1G30330-AT1G65390,0.0100728270350605,0.3687439238359688,0.2496317714902035,0.0198718879384081,0.3662104826442288,0.2496317714902035,0.123736236019434,0.3367680556570091,0.2496317714888598
AT4G17230-AT5G46295,0.233643954426245,0.3268544937238119,0.0538191261648535,0.208699964337862,0.3440930516654368,0.0538191261648535,0.194518313299879,0.3571333033990772,0.0538191261467848
AT3G57920-AT5G59820,0.314927802580308,0.2493160536049088,0.0531512210877357,0.298123734529289,0.257573583482923,0.0531512210877357,0.341613252917888,0.271587021882879,0.0531512211041399
AT1G04990-AT4G37430,0.688654737711139,0.1741990018502427,0.0422361981439122,0.685401420013523,0.1633243770675768,0.0422361981439122,0.337048389607817,0.1530290174684764,0.0422361981686823
AT4G36780-AT4G30980,0.310684220670897,0.3130291907882719,0.0795680339335698,0.417592840824457,0.3111864287571845,0.0795680339335698,0.0938024085777587,0.3116271908937675,0.0795680339363414
AT2G28450-AT3G14020,0.144481551229855,0.2210158838868426,0.1350560377836801,0.337166177104052,0.2299042873908649,0.1350560377836801,0.124004094855949,0.2451358402511605,0.1350560378323866
AT4G17230-AT5G20150,0.414807194426648,0.2466683986676172,0.0158789400834675,0.432493552117241,0.2276421496782138,0.0158789400834675,0.646857581128146,0.2469230450028858,0.015878940087135
AT1G30330-AT1G72790,0.210697634455904,0.1165827588794362,0.0167448811207635,0.151785537189421,0.1340957900359987,0.0167448811207635,0.209202761199615,0.1632961036419271,0.0167448811251305
AT1G30330-AT2G43140,0.336324359461143,0.1667918702545356,0.0216530376558402,0.40991427690329,0.1665967338565055,0.0216530376558402,0.24388614930808,0.1948730619394552,0.0216530376550025
AT4G17230-AT1G20310,0.730542572753144,0.2075376672148437,0.0333083451327616,0.684816596352808,0.2058262587323773,0.0333083451327616,0.545542007705438,0.2354548265826745,0.0333083450959438
AT5G37020-AT1G73480,0.160569548748121,0.0837784295496935,0.0102988064602194,0.203405277265967,0.0795951481053257,0.0102988064602194,0.220845713287641,0.0625710753971249,0.0102988064622761
AT1G58100-AT5G53660,0.079234291699839,0.1324976775033564,0.0040631568048552,0.156541313839296,0.1371599962725394,0.0040631568048552,0.22676951112283,0.1230422154075255,0.0040631568061052
AT4G36730-AT5G53970,0.234394536067482,0.1608758165738273,0.1629599426218761,0.264932604428475,0.155336111843869,0.1629599426218761,0.0870689053478844,0.1497060078671943,0.1629599426634341
AT3G57920-AT4G25480,0.227318586154576,0.345450268354623,0.3676391960855543,0.225358804220338,0.3480770345911121,0.3676391960855543,0.0281732337527793,0.3387836103753853,0.3676391960876659
AT1G51140-AT5G43520,0.334617843067702,0.2824709578732184,0.1422094927659552,0.345319727591265,0.294504631213909,0.1422094927659552,0.27988204970838,0.2903417108310687,0.1422094926381
AT4G36780-AT2G32930,0.219795713122445,0.1766983816152994,0.0198138661302544,0.260361955933141,0.1893278362643379,0.0198138661302544,0.373215541121566,0.1802633258331233,0.0198138661278391
AT1G68640-AT5G24920,0.204961717412569,0.1779385887810174,0.1322293573431246,0.486332127573056,0.1895558673919677,0.1322293573431246,0.344151155016516,0.217270134565061,0.1322293573375539
AT5G37020-AT3G50460,0.404865884957339,0.1486844030881867,0.0706999002752749,0.337562454936966,0.1379983777973381,0.0706999002752749,0.157716509299985,0.1150727835825211,0.0706999002774983
AT1G51140-AT5G37020,0.369856022034138,0.1464687722013415,0.0610532496720182,0.320400061885989,0.1515867736002565,0.0610532496720182,0.242296901895239,0.1442260531033949,0.0610532496678727
AT3G57920-AT4G17490,0.283569608005703,0.2678087085274032,0.0534649349890068,0.242530190685061,0.2573669284137636,0.0534649349890068,0.204626311177607,0.2351662880973654,0.0534649350016321
AT1G04990-AT2G02950,0.181346462791542,0.2537312991144769,0.1747361229051517,0.144121118820097,0.2552706991770194,0.1747361229051517,0.115784015587962,0.2249984525243087,0.1747361229550731
AT2G28450-AT5G64770,0.35625405958216,0.2074962636644459,0.0431844281262009,0.458165649273971,0.2049123698219609,0.0431844281262009,0.161501476987445,0.187089865671689,0.0431844281409113
AT5G37020-AT1G76890,0.279591772511576,0.3402693683227589,0.2520882959519543,0.286310092522998,0.3355333023448593,0.2520882959519543,0.507976599083814,0.360857229072153,0.2520882958780159
AT3G57920-AT5G37770,0.26922462760315,0.3803457741247806,0.0516250030035643,0.270904130667614,0.3732289946787491,0.0516250030035643,0.214220873751711,0.3830035478348644,0.0516250030183743
AT4G36780-AT4G21610,0.208763742645474,0.180197409041909,0.2098324260432028,0.239491525707014,0.1831579416486289,0.2098324260432028,0.199772092136684,0.2051047775360159,0.2098324260261856
AT4G17230-AT1G74930,0.405557902262314,0.1315569004587153,0.1924240620704162,0.388694173523355,0.1325337994010784,0.1924240620704162,0.542618098585046,0.1254864605242939,0.192424061974949
AT4G36730-AT4G24140,0.709656100083192,0.1031271059954809,1.3856555400331162e-05,0.74815028684305,0.0855346179662125,1.3856555400331162e-05,0.834714334982575,0.0838288883979278,1.385655539224258e-05
AT1G51140-AT2G36870,0.275272806999365,0.3420821673397123,0.541028425532704,0.33645272212456,0.3528402994268092,0.541028425532704,0.714026985621191,0.3760817445579804,0.5410284255573754
AT2G36080-AT3G52740,0.532821688278928,0.0956057576108169,0.0056552639459974,0.483422209399583,0.0902366286415868,0.0056552639459974,0.481422116175521,0.1029672929247204,0.0056552639448196
AT1G30330-AT1G07150,0.238973284181743,0.2214324770475434,0.0311970801833849,0.284141626050525,0.2272829404683452,0.0311970801833849,0.194074693127049,0.262011803547956,0.0311970801704201
AT1G68640-AT5G48150,0.391087429978149,0.1886038995438356,0.036328099865727,0.507694965368704,0.187015901582263,0.036328099865727,0.639834891558179,0.1925654036211222,0.0363280998617235
AT2G28450-AT1G71030,0.28678113231993,0.1197118416714922,0.1051705404901322,0.328559527964269,0.1187909141233044,0.1051705404901322,0.447080421699868,0.1129211204654315,0.1051705405265192
AT1G30330-AT4G17670,0.251234879754335,0.1704040514086455,0.1179117208931247,0.309299250224065,0.1833350307916982,0.1179117208931247,0.265894006536742,0.1959896254926078,0.1179117209011539
AT4G17230-AT4G20860,0.393182653058881,0.181147164672049,0.0480739294146276,0.398802625788776,0.1768612660642214,0.0480739294146276,0.329015078652716,0.179834615133767,0.0480739293708854
